id,time,StartDate,ccs1,ccs2,ccs3,ccs4,ccs5,ccs6,ccs7,ccs8,ccs9,ccs10,ccs11,ccs12,nr1,nr2,nr3,nr4,nr5,nr6,nr7,nr8,nr9,nr10,nr11,nr12,nr13,nr14,nr15,nr16,nr17,nr18,nr19,nr20,nr21,nep1,nep2,nep3,nep4,nep5,nep6,nep7,nep8,nep9,nep10,nep11,nep12,nep13,nep14,nep15,SES_1,SES_2,SES_3,SES_4,SES_5,SES_6,SES_7,SES_8,SES_9,SES_10,SES_11,SES_12,SES_13,SES_14,SES_15,SES_16,SES_17,age,edu,sex,pol,ipq1,ipq2,ipq3,ipq4,ipq5,ipq6,ipq7,ipq8,ipq9,ipq10,ipq11,ipq12,ipq13,ipq14,sod_1,sod_2,sod_3,sod_4,sod_5,sod_6,sod_7,sod_8,sod_9,vr_exp,vr_eval1,vr_eval2,vr_eval3,vr_eval4,vr_eval5,span,seen,sex_3_TEXT - Topics,yearOfBirth
00119636,1,2019-06-24 16:33:19,1,1,1,1,1,1,2,1,1,4,1,1,4,1,2,2,5,2,4,5,4,1,1,4,2,2,4,5,4,1,4,2,4,4,4,4,4,2,2,4,1,4,1,4,1,5,2,4,2,1,1,1,1,2,2,1,2,1,1,1,1,2,1,2,2,40,6,1,3,4,5,5,3,2,5,6,5,3,5,5,3,2,2,5,2,5,2,4,6,3,1,3,4,3,5,6,5,5,4,3,NA,1979
00119636,2,2019-07-15 14:27:10,1,1,1,1,1,1,2,1,1,4,1,1,4,1,2,2,4,3,4,5,4,2,2,5,2,1,2,4,5,1,4,4,4,4,2,4,3,4,2,5,2,3,1,4,1,4,2,5,2,1,1,1,1,2,2,1,1,1,1,1,1,2,1,2,2,40,6,1,3,4,5,5,3,2,5,6,5,3,5,5,3,2,2,5,2,5,2,4,6,3,1,3,4,3,5,6,5,5,4,3,NA,1979
05949000,1,2019-06-12 08:39:12,2,1,1,1,1,1,1,1,1,1,1,1,4,2,1,4,4,4,1,4,4,1,1,5,2,2,2,5,4,1,4,2,3,3,2,4,2,5,3,4,1,4,1,4,1,5,3,4,NA,NA,NA,NA,NA,NA,NA,NA,NA,NA,NA,NA,NA,NA,NA,NA,NA,32,6,0,3,6,7,1,6,6,6,7,7,1,7,2,6,4,1,7,3,2,5,6,1,3,5,2,3,7,6,7,6,7,3,3,NA,1987
05949000,2,2019-06-20 16:25:28,1,1,1,1,1,1,1,1,1,1,1,1,5,2,2,4,4,4,1,5,4,1,1,5,2,1,1,5,4,1,5,4,4,4,1,5,1,5,3,5,1,5,1,5,1,5,1,5,NA,NA,NA,NA,NA,NA,NA,NA,NA,NA,NA,NA,NA,NA,NA,NA,NA,32,6,0,3,6,7,1,6,6,6,7,7,1,7,2,6,4,1,7,3,2,5,6,1,3,5,2,3,7,6,7,6,7,3,3,NA,1987
06218481,1,2019-06-13 22:36:12,1,3,3,1,2,2,2,2,1,3,2,2,4,1,3,4,2,4,4,4,4,2,1,5,2,2,3,4,4,1,3,4,4,3,4,3,4,4,5,3,2,5,1,2,1,4,2,4,NA,NA,NA,NA,NA,NA,NA,NA,NA,NA,NA,NA,NA,NA,NA,NA,NA,33,6,1,3,5,7,1,6,6,3,5,5,2,6,5,5,2,6,5,5,3,4,1,1,2,5,3,4,7,7,7,5,7,1,2,NA,1986
06218481,2,2019-06-19 08:40:33,2,2,2,1,1,2,2,2,1,2,2,1,4,1,3,4,4,4,4,4,4,2,2,4,2,2,3,4,4,2,4,4,4,3,3,3,4,4,4,4,2,5,2,3,1,4,1,4,NA,NA,NA,NA,NA,NA,NA,NA,NA,NA,NA,NA,NA,NA,NA,NA,NA,33,6,1,3,5,7,1,6,6,3,5,5,2,6,5,5,2,6,5,5,3,4,1,1,2,5,3,4,7,7,7,5,7,1,2,NA,1986
06643977,1,2019-06-25 15:42:14,2,1,1,2,1,1,1,2,1,1,1,1,2,3,2,1,4,4,4,4,4,3,2,5,4,2,1,2,3,1,4,4,4,3,2,3,3,5,5,5,1,4,2,1,1,4,4,4,2,2,1,1,2,2,1,2,2,1,1,2,1,2,1,2,1,33,6,0,2,6,3,1,6,5,6,6,6,1,6,3,4,3,2,6,2,3,3,2,1,2,2,7,2,6,7,6,6,6,4,1,NA,1986
06643977,2,2019-07-17 10:37:41,2,1,1,2,1,2,1,2,1,1,1,1,2,1,1,2,3,4,2,4,3,3,2,5,4,2,2,3,3,1,4,5,4,2,2,4,3,5,2,4,1,3,2,4,1,4,3,4,1,2,1,1,2,1,2,2,1,1,1,2,2,2,1,2,1,33,6,0,2,6,3,1,6,5,6,6,6,1,6,3,4,3,2,6,2,3,3,2,1,2,2,7,2,6,7,6,6,6,4,1,NA,1986
07114687,1,2019-07-01 09:37:27,1,1,1,1,1,1,1,1,1,1,1,1,4,1,1,5,4,4,2,5,3,2,1,5,2,1,4,5,3,1,5,4,1,3,2,4,3,4,1,4,2,5,1,3,1,4,1,4,2,1,2,1,2,1,2,2,1,1,2,2,2,2,1,2,1,32,6,0,2,7,6,2,1,7,7,6,7,6,6,2,6,3,6,7,1,1,2,2,1,1,2,6,3,7,7,7,5,7,4,2,NA,1987
07114687,2,2019-07-12 13:24:05,1,1,1,1,1,1,1,1,1,1,1,1,4,1,1,4,4,4,2,5,4,3,1,5,3,1,1,5,3,1,5,4,4,4,3,5,3,5,2,4,1,1,1,4,1,5,2,4,2,2,2,1,2,2,2,2,2,1,1,1,1,2,1,2,1,32,6,0,2,7,6,2,1,7,7,6,7,6,6,2,6,3,6,7,1,1,2,2,1,1,2,6,3,7,7,7,5,7,4,2,NA,1987
09214883,1,2019-05-10 14:12:45,2,2,1,2,3,2,2,1,1,2,3,1,4,1,2,4,4,4,4,3,4,2,1,4,1,3,2,4,4,4,3,4,4,3,3,4,4,4,5,5,3,5,2,3,1,4,2,4,NA,NA,NA,NA,NA,NA,NA,NA,NA,NA,NA,NA,NA,NA,NA,NA,NA,31,6,0,2,3,3,5,5,4,5,3,5,5,5,3,4,2,3,7,1,7,3,1,2,1,1,7,2,6,6,7,4,7,5,3,NA,1988
09214883,2,2019-06-19 12:26:33,1,2,3,1,3,3,3,2,1,3,3,2,2,3,1,4,3,3,4,3,4,3,2,4,2,2,1,5,4,4,3,3,4,4,2,4,3,5,5,5,4,4,1,4,2,3,2,4,NA,NA,NA,NA,NA,NA,NA,NA,NA,NA,NA,NA,NA,NA,NA,NA,NA,31,6,0,2,3,3,5,5,4,5,3,5,5,5,3,4,2,3,7,1,7,3,1,2,1,1,7,2,6,6,7,4,7,5,3,NA,1988
09562547,1,2019-05-30 08:43:20,1,1,1,1,3,1,1,1,1,1,1,1,5,1,1,3,5,3,4,5,4,1,1,5,1,1,5,5,5,1,4,4,4,1,4,3,4,4,3,4,1,5,2,4,3,4,3,3,NA,NA,NA,NA,NA,NA,NA,NA,NA,NA,NA,NA,NA,NA,NA,NA,NA,34,6,0,4,4,4,1,6,4,5,1,1,7,5,3,3,4,1,5,6,1,5,6,2,7,7,2,2,7,5,7,5,7,4,3,NA,1985
09562547,2,2019-06-26 17:19:46,1,1,1,1,1,1,1,1,1,1,1,1,4,1,1,4,4,4,4,4,4,1,1,5,1,1,4,4,4,1,4,4,4,3,4,5,4,5,4,4,1,5,1,4,3,5,3,3,2,2,2,1,2,2,1,2,1,1,1,2,2,2,1,2,2,34,6,0,4,4,4,1,6,4,5,1,1,7,5,3,3,4,1,5,6,1,5,6,2,7,7,2,2,7,5,7,5,7,4,3,NA,1985
09733551,1,2019-05-21 22:57:33,4,3,4,4,3,4,3,3,3,4,2,2,5,4,2,2,4,4,5,4,4,2,2,5,4,1,4,5,4,2,4,2,4,3,4,3,4,3,4,3,3,5,4,3,3,3,3,2,NA,NA,NA,NA,NA,NA,NA,NA,NA,NA,NA,NA,NA,NA,NA,NA,NA,32,5,0,4,6,2,3,7,6,7,6,6,2,6,3,4,2,2,6,2,6,2,6,6,5,2,6,1,7,5,7,5,6,4,3,NA,1987
09733551,2,2019-06-03 13:43:34,4,3,4,4,3,4,4,3,3,4,4,4,4,4,4,4,4,5,5,4,5,1,4,5,3,1,4,5,5,3,4,4,4,4,4,3,4,3,4,4,4,5,4,3,3,2,3,2,NA,NA,NA,NA,NA,NA,NA,NA,NA,NA,NA,NA,NA,NA,NA,NA,NA,32,5,0,4,6,2,3,7,6,7,6,6,2,6,3,4,2,2,6,2,6,2,6,6,5,2,6,1,7,5,7,5,6,4,3,NA,1987
11110681,1,2019-05-16 16:02:43,1,1,1,1,1,1,1,1,1,1,1,1,4,1,1,2,4,1,4,4,5,2,1,5,4,1,1,4,4,1,4,4,4,2,2,4,4,4,4,5,1,4,1,4,1,4,2,4,NA,NA,NA,NA,NA,NA,NA,NA,NA,NA,NA,NA,NA,NA,NA,NA,NA,27,5,1,3,5,3,2,2,5,6,5,3,3,3,5,5,5,4,7,2,2,1,2,2,1,1,7,2,7,6,6,6,7,2,1,NA,1992
11110681,2,2019-06-11 09:36:37,1,1,1,1,1,1,1,1,1,1,1,1,4,1,2,4,4,1,3,4,5,2,1,5,2,1,1,4,4,1,2,4,4,4,2,4,4,4,4,5,1,4,1,4,1,4,2,4,NA,NA,NA,NA,NA,NA,NA,NA,NA,NA,NA,NA,NA,NA,NA,NA,NA,27,5,1,3,5,3,2,2,5,6,5,3,3,3,5,5,5,4,7,2,2,1,2,2,1,1,7,2,7,6,6,6,7,2,1,NA,1992
11111580,1,2019-06-14 14:11:35,4,1,1,1,1,1,2,1,1,2,1,4,5,1,1,4,4,1,4,4,5,1,1,4,1,1,1,2,4,1,1,4,2,2,1,4,2,4,3,5,1,4,2,4,1,4,1,4,NA,NA,NA,NA,NA,NA,NA,NA,NA,NA,NA,NA,NA,NA,NA,NA,NA,28,6,1,3,6,5,1,6,1,5,4,3,5,6,3,5,5,1,7,5,2,5,1,1,2,1,2,2,7,6,5,5,6,1,1,NA,1991
11111580,2,2019-06-20 09:27:35,4,1,1,1,1,1,2,1,1,1,1,2,5,1,1,4,4,1,4,4,5,1,1,4,1,2,1,2,2,1,3,5,4,1,1,4,2,4,4,5,1,4,4,2,1,4,1,4,NA,NA,NA,NA,NA,NA,NA,NA,NA,NA,NA,NA,NA,NA,NA,NA,NA,28,6,1,3,6,5,1,6,1,5,4,3,5,6,3,5,5,1,7,5,2,5,1,1,2,1,2,2,7,6,5,5,6,1,1,NA,1991
11114873,1,2019-05-24 09:54:39,1,1,1,1,1,1,1,1,5,1,1,1,4,4,2,4,4,4,1,4,4,2,2,4,4,2,2,5,1,1,4,1,1,5,2,4,4,5,5,5,1,5,1,4,2,4,5,5,NA,NA,NA,NA,NA,NA,NA,NA,NA,NA,NA,NA,NA,NA,NA,NA,NA,28,6,0,4,5,5,3,5,2,5,5,5,3,6,2,4,3,5,5,1,4,1,5,3,1,2,2,2,6,3,3,5,5,4,2,NA,1991
11114873,2,2019-06-04 13:24:24,1,1,1,1,1,1,1,1,1,1,1,1,5,5,2,5,4,4,1,4,4,2,4,4,4,4,2,5,1,1,4,1,1,2,3,4,4,5,5,5,1,5,1,4,2,4,4,5,NA,NA,NA,NA,NA,NA,NA,NA,NA,NA,NA,NA,NA,NA,NA,NA,NA,28,6,0,4,5,5,3,5,2,5,5,5,3,6,2,4,3,5,5,1,4,1,5,3,1,2,2,2,6,3,3,5,5,4,2,NA,1991
11121787,1,2019-06-25 09:20:09,1,1,1,1,1,1,1,1,5,1,1,1,3,2,2,4,4,3,4,4,4,2,1,5,1,2,2,4,4,1,4,4,4,3,4,4,2,5,4,5,1,5,1,4,1,4,1,5,2,2,1,1,2,2,1,2,1,2,1,1,2,2,2,2,2,28,6,1,2,4,6,2,6,3,3,4,5,4,5,5,4,2,1,5,2,5,2,5,6,3,2,5,1,6,5,6,3,6,2,3,NA,1991
11121787,2,2019-07-17 08:39:26,1,1,1,1,1,1,1,1,1,2,1,1,4,1,2,4,4,2,3,4,4,2,1,5,2,2,2,4,4,1,4,4,4,3,4,4,2,5,4,5,2,5,1,4,2,5,2,5,2,2,1,1,2,1,2,1,1,2,1,2,1,2,2,2,1,28,6,1,2,4,6,2,6,3,3,4,5,4,5,5,4,2,1,5,2,5,2,5,6,3,2,5,1,6,5,6,3,6,2,3,NA,1991
12113072,1,2019-06-19 10:22:39,2,2,1,2,2,2,2,2,2,2,2,3,4,1,2,3,4,4,4,3,5,1,2,4,4,2,2,4,4,2,3,4,4,2,4,4,5,5,5,5,2,5,1,2,2,4,4,2,NA,NA,NA,NA,NA,NA,NA,NA,NA,NA,NA,NA,NA,NA,NA,NA,NA,25,6,1,3,7,2,2,7,6,7,5,7,1,7,2,5,3,3,7,3,6,4,4,7,3,5,6,1,7,7,7,6,7,4,1,NA,1994
12113072,2,2019-06-26 14:50:52,1,2,1,2,1,2,4,1,1,3,1,2,4,2,2,2,3,4,4,2,4,2,4,4,2,2,3,5,4,2,4,3,4,3,2,4,4,4,4,5,4,4,2,4,2,4,3,4,2,2,1,1,1,1,1,1,1,2,1,1,1,2,1,2,1,25,6,1,3,7,2,2,7,6,7,5,7,1,7,2,5,3,3,7,3,6,4,4,7,3,5,6,1,7,7,7,6,7,4,1,NA,1994
12614137,1,2019-05-16 18:30:57,3,2,2,1,2,1,1,2,1,2,1,2,2,4,2,2,4,1,2,4,3,2,1,5,5,2,4,5,4,1,2,4,4,3,2,4,2,5,4,5,1,3,3,3,1,4,2,4,NA,NA,NA,NA,NA,NA,NA,NA,NA,NA,NA,NA,NA,NA,NA,NA,NA,26,5,1,2,5,5,3,5,4,5,6,5,2,5,5,5,5,4,5,2,5,2,5,6,3,4,5,1,6,6,6,5,7,3,1,NA,1993
12614137,2,2019-05-21 09:47:29,3,2,1,1,2,1,2,1,1,2,2,2,4,2,1,3,4,1,2,4,4,2,2,4,4,2,1,4,4,1,4,4,4,4,2,4,3,5,4,5,2,5,2,4,1,4,2,4,NA,NA,NA,NA,NA,NA,NA,NA,NA,NA,NA,NA,NA,NA,NA,NA,NA,26,5,1,2,5,5,3,5,4,5,6,5,2,5,5,5,5,4,5,2,5,2,5,6,3,4,5,1,6,6,6,5,7,3,1,NA,1993
12921623,1,2019-07-10 12:30:31,1,1,1,1,1,1,1,1,1,2,1,1,5,2,3,4,2,4,2,3,2,1,1,4,2,2,4,3,2,2,4,4,4,2,4,4,2,4,3,3,1,4,1,3,2,3,2,4,2,2,1,1,2,1,2,2,2,1,2,2,2,2,1,1,1,28,4,0,4,6,6,1,6,6,6,6,6,1,7,2,6,6,2,6,5,3,3,4,5,1,2,5,2,7,6,7,6,7,3,2,NA,1991
12921623,2,2019-07-16 16:29:55,2,1,5,1,1,1,2,1,1,2,1,2,4,1,2,3,2,4,1,3,2,1,1,4,2,3,4,4,2,1,4,4,4,2,4,4,3,4,4,2,2,5,1,2,1,4,3,5,2,2,2,1,2,1,2,2,1,2,2,2,2,2,1,2,2,28,4,0,4,6,6,1,6,6,6,6,6,1,7,2,6,6,2,6,5,3,3,4,5,1,2,5,2,7,6,7,6,7,3,2,NA,1991
13101928,1,2019-06-09 14:26:21,1,1,1,1,1,1,1,1,1,2,1,1,5,1,1,5,4,3,5,5,4,1,3,5,1,1,1,5,5,1,5,5,5,5,3,4,4,5,4,4,2,5,1,5,1,5,4,5,NA,NA,NA,NA,NA,NA,NA,NA,NA,NA,NA,NA,NA,NA,NA,NA,NA,26,5,0,2,6,1,1,2,6,6,7,3,2,3,4,5,4,1,5,2,2,2,1,1,2,2,5,1,6,3,7,4,6,2,3,NA,1993
13101928,2,2019-06-19 14:04:06,1,1,1,1,1,1,1,1,1,2,1,1,4,1,2,5,3,4,5,4,3,1,4,5,1,1,2,5,5,1,4,4,5,3,4,4,4,5,3,5,1,5,1,5,1,5,3,5,NA,NA,NA,NA,NA,NA,NA,NA,NA,NA,NA,NA,NA,NA,NA,NA,NA,26,5,0,2,6,1,1,2,6,6,7,3,2,3,4,5,4,1,5,2,2,2,1,1,2,2,5,1,6,3,7,4,6,2,3,NA,1993
13102215,1,2019-05-16 15:18:32,1,1,1,1,1,1,1,1,1,3,1,1,4,3,3,3,4,3,1,3,1,2,2,4,1,1,3,4,1,1,3,2,1,1,3,3,5,3,3,2,2,3,2,2,1,3,4,3,NA,NA,NA,NA,NA,NA,NA,NA,NA,NA,NA,NA,NA,NA,NA,NA,NA,28,5,0,2,5,2,1,6,1,3,4,4,1,5,5,3,2,1,6,4,3,5,1,1,2,1,5,2,6,5,6,3,6,2,3,NA,1991
13102215,2,2019-05-21 08:20:50,1,1,1,1,1,1,1,1,1,1,1,1,4,3,3,4,4,3,1,3,2,2,2,4,1,2,3,4,2,1,3,3,1,1,3,3,5,3,3,3,2,2,1,2,1,4,4,2,NA,NA,NA,NA,NA,NA,NA,NA,NA,NA,NA,NA,NA,NA,NA,NA,NA,28,5,0,2,5,2,1,6,1,3,4,4,1,5,5,3,2,1,6,4,3,5,1,1,2,1,5,2,6,5,6,3,6,2,3,NA,1991
13108311,1,2019-06-12 16:30:06,1,1,2,1,1,1,1,1,1,2,1,1,4,1,1,2,4,4,3,2,4,2,1,4,4,2,3,5,5,1,4,4,3,2,2,3,2,5,2,5,1,5,1,2,1,5,2,4,NA,NA,NA,NA,NA,NA,NA,NA,NA,NA,NA,NA,NA,NA,NA,NA,NA,27,5,1,2,5,6,4,4,2,5,6,4,2,5,3,3,3,1,5,3,3,3,5,4,3,3,4,2,7,3,3,3,6,4,2,NA,1992
13108311,2,2019-06-21 15:27:38,2,1,1,1,1,1,1,1,1,1,1,1,3,1,1,2,4,3,3,4,4,2,1,5,4,2,2,5,4,1,3,3,3,4,2,3,3,4,4,4,2,5,1,2,1,5,2,4,NA,NA,NA,NA,NA,NA,NA,NA,NA,NA,NA,NA,NA,NA,NA,NA,NA,27,5,1,2,5,6,4,4,2,5,6,4,2,5,3,3,3,1,5,3,3,3,5,4,3,3,4,2,7,3,3,3,6,4,2,NA,1992
13109376,1,2019-05-14 07:06:53,2,1,1,2,1,1,2,1,2,2,1,1,3,4,4,3,2,2,1,3,4,5,2,5,2,4,2,4,2,2,5,2,2,5,4,5,1,5,4,5,1,5,1,4,1,4,2,5,NA,NA,NA,NA,NA,NA,NA,NA,NA,NA,NA,NA,NA,NA,NA,NA,NA,27,6,0,3,5,5,2,4,5,6,4,5,2,6,6,3,3,3,6,1,7,1,2,2,2,2,6,2,5,6,6,4,6,4,2,NA,1992
13109376,2,2019-05-24 09:26:19,1,1,1,3,1,1,2,1,1,1,1,1,5,2,3,4,2,2,2,3,5,4,4,5,2,5,2,5,2,1,5,3,2,5,3,5,2,5,4,5,2,5,2,4,1,4,2,5,NA,NA,NA,NA,NA,NA,NA,NA,NA,NA,NA,NA,NA,NA,NA,NA,NA,27,6,0,3,5,5,2,4,5,6,4,5,2,6,6,3,3,3,6,1,7,1,2,2,2,2,6,2,5,6,6,4,6,4,2,NA,1992
13111752,1,2019-06-12 09:22:35,1,1,2,1,1,1,1,1,1,3,1,1,4,1,1,5,4,5,5,2,4,2,1,5,1,1,4,5,4,1,4,5,4,2,4,4,4,5,3,4,1,5,1,5,1,3,4,5,NA,NA,NA,NA,NA,NA,NA,NA,NA,NA,NA,NA,NA,NA,NA,NA,NA,26,5,0,2,5,5,2,7,7,7,7,6,2,6,5,5,1,1,6,2,2,3,5,4,3,2,3,2,6,3,7,4,7,4,3,NA,1993
13111752,2,2019-06-25 08:42:20,1,1,1,1,1,1,1,1,1,1,1,1,4,1,1,5,4,5,5,4,4,4,1,5,1,1,2,5,4,1,3,4,4,2,2,5,4,5,4,4,1,5,1,4,1,2,4,4,2,1,2,1,2,2,1,2,2,2,1,2,2,2,1,1,2,26,5,0,2,5,5,2,7,7,7,7,6,2,6,5,5,1,1,6,2,2,3,5,4,3,2,3,2,6,3,7,4,7,4,3,NA,1993
13112792,1,2019-06-10 12:21:58,2,2,2,2,3,2,3,1,2,2,2,2,2,1,2,1,3,3,1,2,2,4,3,4,3,4,2,2,2,2,3,2,3,2,4,2,3,4,4,4,2,4,3,4,2,2,2,3,NA,NA,NA,NA,NA,NA,NA,NA,NA,NA,NA,NA,NA,NA,NA,NA,NA,27,5,0,3,4,7,3,4,3,2,3,3,4,5,3,3,5,6,5,5,6,2,4,3,4,3,6,2,6,6,6,5,6,4,1,NA,1992
13112792,2,2019-07-01 14:52:44,3,3,3,2,2,2,2,1,2,2,3,1,3,1,2,1,3,2,3,3,2,4,2,3,4,4,2,2,2,2,3,3,3,2,3,4,3,4,4,4,2,5,2,4,2,3,2,4,2,1,1,2,2,2,1,1,1,2,2,1,1,1,2,2,2,27,5,0,3,4,7,3,4,3,2,3,3,4,5,3,3,5,6,5,5,6,2,4,3,4,3,6,2,6,6,6,5,6,4,1,NA,1992
13115704,1,2019-05-25 12:31:17,2,1,1,1,2,1,2,1,1,2,2,1,4,1,1,4,4,4,3,4,4,2,2,5,2,2,4,5,3,1,3,2,2,5,2,4,2,5,1,5,1,4,1,4,1,5,2,5,NA,NA,NA,NA,NA,NA,NA,NA,NA,NA,NA,NA,NA,NA,NA,NA,NA,26,5,0,2,5,5,3,3,6,6,6,5,5,6,2,4,3,2,6,2,5,2,3,4,1,2,6,2,6,5,5,5,7,5,2,NA,1993
13115704,2,2019-06-07 14:59:10,1,2,2,1,2,1,1,1,1,2,1,1,4,1,2,4,4,4,3,4,4,2,2,5,2,2,3,5,3,1,4,3,3,4,2,4,2,5,4,4,1,4,1,4,2,4,2,5,NA,NA,NA,NA,NA,NA,NA,NA,NA,NA,NA,NA,NA,NA,NA,NA,NA,26,5,0,2,5,5,3,3,6,6,6,5,5,6,2,4,3,2,6,2,5,2,3,4,1,2,6,2,6,5,5,5,7,5,2,NA,1993
13123625,1,2019-05-17 15:59:42,1,1,1,1,2,1,1,1,1,2,1,1,3,1,2,4,4,3,5,4,4,5,3,5,2,2,2,5,5,1,5,4,4,5,2,5,2,5,4,4,1,5,1,4,1,4,2,4,NA,NA,NA,NA,NA,NA,NA,NA,NA,NA,NA,NA,NA,NA,NA,NA,NA,26,5,1,3,6,4,2,6,4,5,4,1,5,5,3,4,5,1,7,1,7,1,1,1,1,1,7,2,7,6,7,5,7,4,3,NA,1993
13123625,2,2019-07-01 08:44:39,2,1,1,1,2,1,1,1,1,1,1,1,4,1,1,4,4,4,5,4,5,1,2,5,1,1,4,5,5,1,5,4,4,5,4,5,2,5,5,4,1,5,1,3,1,5,1,4,2,2,1,1,1,1,1,2,2,1,1,2,2,2,1,1,2,26,5,1,3,6,4,2,6,4,5,4,1,5,5,3,4,5,1,7,1,7,1,1,1,1,1,7,2,7,6,7,5,7,4,3,NA,1993
13279500,1,2019-06-09 16:49:25,3,1,1,1,1,1,1,1,1,1,1,1,5,1,1,4,5,4,5,5,4,2,1,5,2,1,1,5,5,1,5,4,4,5,1,5,2,5,4,5,2,5,1,3,1,5,3,5,NA,NA,NA,NA,NA,NA,NA,NA,NA,NA,NA,NA,NA,NA,NA,NA,NA,30,6,0,2,5,6,3,4,5,6,2,2,1,6,4,4,4,1,6,1,1,3,4,5,1,1,7,3,5,5,7,5,6,4,1,NA,1989
13279500,2,2019-06-14 09:25:58,1,1,1,1,1,1,1,1,1,1,1,1,4,3,3,5,5,5,5,5,5,5,1,5,4,4,1,5,5,1,5,5,5,5,1,4,2,5,4,5,1,1,1,4,1,5,3,5,NA,NA,NA,NA,NA,NA,NA,NA,NA,NA,NA,NA,NA,NA,NA,NA,NA,30,6,0,2,5,6,3,4,5,6,2,2,1,6,4,4,4,1,6,1,1,3,4,5,1,1,7,3,5,5,7,5,6,4,1,NA,1989
13719067,1,2019-07-09 14:45:05,1,1,1,1,1,1,2,1,1,1,1,1,4,1,4,4,4,1,5,4,5,4,4,5,1,2,3,5,4,2,5,1,5,4,4,3,5,5,5,1,1,5,1,3,1,4,5,5,2,1,1,1,2,2,1,1,1,1,1,2,2,1,1,1,1,25,5,1,1,6,5,1,1,6,6,4,7,1,7,2,5,5,6,7,1,7,1,1,1,1,1,7,2,7,7,7,7,7,2,1,NA,1994
13719067,2,2019-07-19 08:48:22,1,1,1,1,1,1,1,1,1,1,1,1,5,1,4,5,4,1,5,4,5,4,4,5,1,2,3,5,4,1,5,1,5,4,4,4,5,5,4,3,1,5,1,2,1,4,4,5,2,1,1,1,2,2,1,1,1,1,1,2,2,2,1,1,1,25,5,1,1,6,5,1,1,6,6,4,7,1,7,2,5,5,6,7,1,7,1,1,1,1,1,7,2,7,7,7,7,7,2,1,NA,1994
14113971,1,2019-06-12 19:07:18,2,3,1,1,1,1,1,1,1,1,3,1,1,1,1,1,3,5,2,4,4,4,2,5,2,4,2,4,3,1,3,5,3,5,3,5,1,3,5,5,2,5,3,5,1,4,3,5,NA,NA,NA,NA,NA,NA,NA,NA,NA,NA,NA,NA,NA,NA,NA,NA,NA,26,5,1,2,5,6,2,3,6,6,6,6,2,5,2,6,5,6,7,1,7,1,2,6,1,1,1,1,7,7,6,6,7,4,1,NA,1993
14113971,2,2019-06-25 14:42:22,1,1,1,1,1,1,1,1,1,1,2,1,4,1,1,1,4,4,4,5,5,4,1,4,1,1,2,4,4,1,3,5,3,5,2,4,1,5,5,5,1,4,1,5,1,5,1,5,2,1,1,2,1,2,2,1,1,1,2,1,2,2,2,2,2,26,5,1,2,5,6,2,3,6,6,6,6,2,5,2,6,5,6,7,1,7,1,2,6,1,1,1,1,7,7,6,6,7,4,1,NA,1993
14118467,1,2019-06-26 09:17:03,4,1,1,1,2,1,2,1,1,2,1,1,4,2,2,4,4,5,3,4,4,1,2,4,1,2,2,5,3,1,2,4,3,4,4,4,4,4,4,4,2,5,1,2,2,4,3,4,2,1,1,1,1,2,2,1,1,2,2,2,1,2,2,2,2,28,5,0,3,6,1,1,3,6,6,3,6,3,5,5,5,3,1,6,2,6,1,2,1,2,2,5,2,7,6,6,6,7,4,3,NA,1991
14118467,2,2019-07-01 18:04:10,2,1,1,1,1,1,1,1,1,4,1,1,5,2,4,4,4,5,4,4,4,1,2,4,1,2,2,5,4,1,1,3,3,4,4,4,4,4,2,4,1,5,1,1,2,4,4,4,2,2,1,1,1,2,2,1,1,2,2,2,1,1,1,1,2,28,5,0,3,6,1,1,3,6,6,3,6,3,5,5,5,3,1,6,2,6,1,2,1,2,2,5,2,7,6,6,6,7,4,3,NA,1991
14120430,1,2019-06-20 09:58:31,1,2,2,2,2,1,1,1,1,3,2,1,5,1,2,3,4,3,2,3,3,2,1,4,2,2,1,2,2,1,4,2,2,4,4,4,4,5,4,5,1,5,1,2,2,4,2,4,NA,NA,NA,NA,NA,NA,NA,NA,NA,NA,NA,NA,NA,NA,NA,NA,NA,24,5,1,3,5,5,2,4,5,5,5,1,7,6,5,3,3,2,6,6,6,3,6,3,1,5,3,2,6,6,3,4,6,4,1,NA,1995
14120430,2,2019-06-25 13:20:59,1,2,1,4,2,2,2,1,1,3,1,1,5,1,2,4,4,3,2,4,4,2,1,4,2,2,1,5,3,1,4,3,3,4,2,3,2,5,2,5,1,5,1,4,1,4,2,4,1,1,1,1,1,1,2,2,2,2,1,1,1,2,1,2,1,24,5,1,3,5,5,2,4,5,5,5,1,7,6,5,3,3,2,6,6,6,3,6,3,1,5,3,2,6,6,3,4,6,4,1,NA,1995
14127948,1,2019-06-12 18:15:47,1,2,2,2,3,2,2,1,1,2,2,1,2,3,1,3,4,2,3,4,3,3,2,3,2,2,3,4,3,1,4,2,2,4,4,4,3,4,3,4,2,4,2,3,1,4,3,3,NA,NA,NA,NA,NA,NA,NA,NA,NA,NA,NA,NA,NA,NA,NA,NA,NA,24,5,1,4,6,4,2,6,5,6,4,6,2,6,3,4,3,6,6,3,4,3,5,2,2,5,4,2,7,3,5,5,6,4,3,NA,1995
14127948,2,2019-06-26 13:56:03,1,1,2,2,3,2,2,2,1,3,4,1,2,2,2,3,4,2,3,4,3,3,2,4,3,2,1,3,4,1,4,4,2,5,4,4,3,4,2,5,2,5,1,3,2,3,2,4,2,2,1,2,1,2,1,1,2,2,1,1,2,2,1,2,2,24,5,1,4,6,4,2,6,5,6,4,6,2,6,3,4,3,6,6,3,4,3,5,2,2,5,4,2,7,3,5,5,6,4,3,NA,1995
14131965,1,2019-05-13 16:26:59,1,1,1,1,1,1,1,1,1,1,1,1,3,1,2,3,4,4,1,4,5,2,2,3,1,3,1,5,3,1,4,5,1,5,1,4,3,5,2,5,1,5,1,2,1,4,4,4,NA,NA,NA,NA,NA,NA,NA,NA,NA,NA,NA,NA,NA,NA,NA,NA,NA,23,4,1,2,5,5,2,3,5,6,6,4,2,6,2,6,5,4,7,1,5,2,2,3,2,2,3,2,7,7,7,6,7,3,3,NA,1996
14131965,2,2019-05-21 14:10:41,1,1,1,1,1,1,1,1,1,1,1,1,3,1,1,3,5,4,1,4,5,1,1,5,1,1,1,5,3,1,4,5,3,5,1,5,3,5,2,5,1,4,1,2,1,5,4,5,NA,NA,NA,NA,NA,NA,NA,NA,NA,NA,NA,NA,NA,NA,NA,NA,NA,23,4,1,2,5,5,2,3,5,6,6,4,2,6,2,6,5,4,7,1,5,2,2,3,2,2,3,2,7,7,7,6,7,3,3,NA,1996
14132336,1,2019-07-03 12:35:47,4,2,2,2,2,3,2,1,1,4,2,2,4,4,1,5,4,2,4,4,4,2,2,4,2,2,2,4,4,1,2,5,2,4,1,4,2,4,4,4,2,5,1,2,2,3,3,4,2,1,1,1,2,2,2,1,1,1,2,1,2,2,1,1,1,25,4,1,3,5,5,2,3,5,5,3,7,2,5,5,2,4,1,6,3,6,2,3,5,3,2,5,1,6,5,5,5,6,4,2,NA,1994
14132336,2,2019-07-12 14:19:58,3,2,2,2,2,2,3,1,2,4,3,2,4,4,2,4,4,2,3,3,5,1,2,4,2,2,3,4,4,2,3,4,4,4,2,3,2,4,4,4,2,5,2,4,1,3,2,4,2,2,1,1,1,2,2,1,1,1,2,1,2,2,1,1,1,25,4,1,3,5,5,2,3,5,5,3,7,2,5,5,2,4,1,6,3,6,2,3,5,3,2,5,1,6,5,5,5,6,4,2,NA,1994
14134936,1,2019-06-24 12:19:17,1,1,1,1,2,1,1,1,1,2,1,2,5,1,1,4,4,4,5,4,4,5,2,5,1,2,3,4,5,1,4,4,2,5,2,4,4,5,4,5,1,4,1,3,1,5,3,5,NA,NA,NA,NA,NA,NA,NA,NA,NA,NA,NA,NA,NA,NA,NA,NA,NA,25,5,1,3,3,3,5,3,3,5,5,6,1,4,5,2,3,1,6,6,6,6,3,5,6,6,6,3,5,6,6,5,6,2,3,NA,1994
14134936,2,2019-06-28 08:22:24,2,1,1,1,2,1,1,1,1,1,1,1,5,1,1,5,4,5,5,4,4,1,1,5,1,2,1,5,5,1,4,5,5,5,1,4,4,5,4,5,1,4,1,5,1,5,4,5,2,1,2,2,1,2,1,1,1,1,1,2,1,1,1,2,2,25,5,1,3,3,3,5,3,3,5,5,6,1,4,5,2,3,1,6,6,6,6,3,5,6,6,6,3,5,6,6,5,6,2,3,NA,1994
14250831,1,2019-07-15 20:39:53,1,1,1,1,1,1,1,1,1,2,1,1,3,2,1,3,4,4,1,5,3,4,1,5,4,1,3,4,2,1,4,4,2,4,2,4,1,5,4,2,1,4,1,4,1,5,4,5,2,2,2,1,2,1,1,2,2,2,1,2,2,2,1,2,2,30,5,1,2,6,7,1,7,7,7,6,3,2,6,5,5,2,1,6,1,5,1,1,1,5,2,5,1,6,5,6,3,7,3,2,NA,1989
14250831,2,2019-07-19 10:21:52,1,1,1,1,1,1,1,1,1,2,1,1,2,2,2,4,4,4,2,4,2,4,1,4,4,2,3,4,2,1,4,4,2,2,2,3,3,5,4,4,1,4,1,4,1,4,4,5,2,2,2,1,2,1,1,2,2,2,1,2,2,2,1,2,1,30,5,1,2,6,7,1,7,7,7,6,3,2,6,5,5,2,1,6,1,5,1,1,1,5,2,5,1,6,5,6,3,7,3,2,NA,1989
15102775,1,2019-06-28 10:20:07,1,1,1,1,1,1,1,1,1,1,1,1,4,1,2,1,4,1,2,4,4,4,1,5,4,3,1,2,3,1,4,1,4,1,2,3,4,4,5,5,4,5,1,1,1,4,2,5,2,1,1,1,1,1,1,2,1,1,1,2,2,2,2,2,2,27,4,1,2,5,5,1,5,5,5,3,4,4,6,5,3,5,1,6,2,6,2,4,3,6,4,3,1,6,3,5,5,7,3,2,NA,1992
15102775,2,2019-07-17 13:35:12,1,1,1,1,1,1,1,1,1,1,1,1,2,1,3,1,4,1,1,4,4,3,1,4,3,3,1,4,3,1,3,1,5,1,3,3,3,4,5,5,1,5,1,1,1,4,3,5,2,1,1,1,1,1,1,2,1,1,1,2,1,2,2,2,2,27,4,1,2,5,5,1,5,5,5,3,4,4,6,5,3,5,1,6,2,6,2,4,3,6,4,3,1,6,3,5,5,7,3,2,NA,1992
15110646,1,2019-06-12 16:10:30,1,1,1,1,1,1,1,1,1,1,1,1,5,1,1,5,5,5,4,5,4,1,1,5,1,1,1,5,5,1,4,4,5,4,2,5,2,5,2,4,2,5,1,1,1,4,2,4,NA,NA,NA,NA,NA,NA,NA,NA,NA,NA,NA,NA,NA,NA,NA,NA,NA,24,5,1,1,6,7,3,7,7,7,5,5,3,7,2,5,2,6,7,5,3,5,5,7,6,3,2,2,7,7,7,7,7,4,1,NA,1995
15110646,2,2019-07-01 09:40:28,1,1,1,1,1,1,1,1,1,1,1,1,5,1,1,5,4,5,1,5,4,1,1,5,1,1,2,5,5,1,4,4,4,2,2,5,4,5,1,4,1,4,1,3,1,2,1,5,2,2,2,1,2,2,1,1,2,2,2,2,2,2,1,2,2,24,5,1,1,6,7,3,7,7,7,5,5,3,7,2,5,2,6,7,5,3,5,5,7,6,3,2,2,7,7,7,7,7,4,1,NA,1995
15119027,1,2019-05-02 12:24:57,1,1,1,1,1,1,1,1,1,2,1,1,4,1,1,4,5,4,3,5,5,4,1,5,2,1,1,4,5,1,5,2,3,5,4,5,2,5,4,5,1,5,1,4,1,5,1,5,NA,NA,NA,NA,NA,NA,NA,NA,NA,NA,NA,NA,NA,NA,NA,NA,NA,24,5,1,3,7,7,1,1,4,7,7,7,NA,NA,2,7,5,1,7,3,2,3,5,1,4,3,3,2,7,7,7,6,7,4,3,NA,1995
15119027,2,2019-05-08 08:23:33,1,1,1,1,1,1,1,1,1,1,1,1,4,1,1,4,4,4,3,4,4,2,1,5,1,1,1,5,4,1,5,4,3,4,1,5,3,5,4,2,1,4,1,4,1,5,2,5,NA,NA,NA,NA,NA,NA,NA,NA,NA,NA,NA,NA,NA,NA,NA,NA,NA,24,5,1,3,7,7,1,1,4,7,7,7,NA,NA,2,7,5,1,7,3,2,3,5,1,4,3,3,2,7,7,7,6,7,4,3,NA,1995
15119050,1,2019-05-05 19:08:04,1,1,1,1,1,1,2,1,1,1,1,1,2,1,1,2,4,1,3,5,4,3,1,4,3,1,1,4,4,1,5,5,4,4,2,5,2,5,2,5,1,5,1,4,1,5,1,5,NA,NA,NA,NA,NA,NA,NA,NA,NA,NA,NA,NA,NA,NA,NA,NA,NA,23,4,1,3,4,6,4,6,6,6,5,6,2,6,5,5,3,2,6,2,6,2,3,4,2,2,6,1,6,5,6,5,6,4,2,NA,1996
15119050,2,2019-05-14 09:32:51,2,1,1,1,1,1,2,1,1,2,1,1,2,1,1,2,4,2,3,5,4,3,1,4,4,1,1,4,4,1,5,5,3,5,2,5,1,5,1,5,1,5,1,4,1,5,1,5,NA,NA,NA,NA,NA,NA,NA,NA,NA,NA,NA,NA,NA,NA,NA,NA,NA,23,4,1,3,4,6,4,6,6,6,5,6,2,6,5,5,3,2,6,2,6,2,3,4,2,2,6,1,6,5,6,5,6,4,2,NA,1996
15123524,1,2019-06-16 16:59:46,2,1,1,1,1,1,2,1,1,2,1,1,4,1,1,4,4,3,4,4,5,1,1,4,2,2,1,5,4,1,3,5,4,3,1,4,3,5,2,5,2,5,1,2,1,4,3,3,NA,NA,NA,NA,NA,NA,NA,NA,NA,NA,NA,NA,NA,NA,NA,NA,NA,23,4,1,1,5,5,1,7,7,5,5,6,2,6,5,5,5,1,7,1,1,1,1,5,4,1,7,1,6,5,3,4,5,2,1,NA,1996
15123524,2,2019-07-18 15:42:34,1,1,1,1,1,1,2,1,1,1,1,1,4,1,1,4,2,4,3,4,5,5,3,5,1,2,1,5,5,1,3,5,4,4,1,5,2,5,4,5,2,5,1,3,1,4,3,4,2,2,1,1,1,2,2,1,1,2,1,2,1,2,1,2,2,23,4,1,1,5,5,1,7,7,5,5,6,2,6,5,5,5,1,7,1,1,1,1,5,4,1,7,1,6,5,3,4,5,2,1,NA,1996
16103707,1,2019-05-06 10:48:33,2,1,1,1,2,1,1,1,1,3,1,1,4,2,2,4,4,4,5,5,5,1,2,4,2,1,1,4,5,1,4,4,4,4,2,4,3,5,5,4,4,5,1,1,1,4,2,5,NA,NA,NA,NA,NA,NA,NA,NA,NA,NA,NA,NA,NA,NA,NA,NA,NA,24,4,0,2,6,6,4,6,6,6,7,6,6,6,3,5,5,4,6,5,3,5,4,2,3,6,5,2,7,5,7,6,7,3,3,NA,1995
16103707,2,2019-05-14 08:20:06,3,1,1,1,2,1,2,1,4,4,1,1,4,2,2,4,4,5,4,5,5,5,2,5,2,1,1,5,5,1,5,4,4,3,2,4,4,4,5,4,4,5,2,2,1,4,1,5,NA,NA,NA,NA,NA,NA,NA,NA,NA,NA,NA,NA,NA,NA,NA,NA,NA,24,4,0,2,6,6,4,6,6,6,7,6,6,6,3,5,5,4,6,5,3,5,4,2,3,6,5,2,7,5,7,6,7,3,3,NA,1995
16117897,1,2019-05-26 10:22:08,1,4,3,1,1,1,2,1,3,4,1,2,2,1,1,4,4,3,4,3,5,4,1,4,4,2,2,4,2,1,5,5,2,3,2,5,2,5,5,4,2,5,3,2,1,4,2,3,NA,NA,NA,NA,NA,NA,NA,NA,NA,NA,NA,NA,NA,NA,NA,NA,NA,22,4,0,3,4,2,5,5,3,5,1,3,3,3,3,4,5,2,5,2,6,3,5,5,5,2,5,2,5,5,1,5,2,4,2,NA,1997
16117897,2,2019-06-07 12:20:18,4,2,3,2,1,2,2,2,2,4,2,3,1,4,1,4,2,1,4,4,5,4,2,4,4,2,2,4,4,1,5,5,1,5,2,3,2,5,4,4,1,5,2,2,1,4,4,4,NA,NA,NA,NA,NA,NA,NA,NA,NA,NA,NA,NA,NA,NA,NA,NA,NA,22,4,0,3,4,2,5,5,3,5,1,3,3,3,3,4,5,2,5,2,6,3,5,5,5,2,5,2,5,5,1,5,2,4,2,NA,1997
16120685,1,2019-07-10 14:30:25,1,1,1,1,1,1,1,1,1,1,1,1,4,1,2,4,5,4,3,4,4,3,4,4,3,1,4,4,4,1,5,4,4,5,4,4,3,4,4,4,1,4,1,2,2,4,2,5,2,2,2,1,2,2,2,1,1,2,1,2,1,1,1,2,2,24,4,0,2,6,5,1,6,6,6,6,5,2,6,2,5,4,4,7,5,5,3,5,4,3,5,2,1,6,6,6,6,7,3,1,NA,1995
16120685,2,2019-07-16 14:17:01,1,1,1,1,1,1,1,1,1,1,1,1,4,1,1,3,4,5,4,4,4,2,2,5,2,1,4,4,4,1,5,4,4,5,4,4,2,5,4,4,1,4,1,4,1,4,3,5,2,2,1,1,1,2,2,1,1,2,2,2,1,1,1,2,2,24,4,0,2,6,5,1,6,6,6,6,5,2,6,2,5,4,4,7,5,5,3,5,4,3,5,2,1,6,6,6,6,7,3,1,NA,1995
16725020,1,2019-05-10 10:29:04,1,2,4,2,2,2,3,2,1,4,1,1,2,1,2,2,4,4,1,4,2,2,1,2,4,1,2,5,4,1,2,4,2,2,4,4,4,5,5,4,2,4,1,1,2,4,4,4,NA,NA,NA,NA,NA,NA,NA,NA,NA,NA,NA,NA,NA,NA,NA,NA,NA,23,4,1,2,3,6,2,7,6,6,6,6,2,6,6,6,1,5,6,2,6,1,2,2,2,2,5,2,6,5,6,5,7,5,1,NA,1996
16725020,2,2019-05-16 16:27:32,2,3,2,1,3,4,2,2,5,5,2,2,2,1,1,4,4,5,1,4,2,4,1,4,4,2,4,5,2,1,4,4,4,2,4,2,4,4,5,2,1,4,2,2,1,4,4,4,NA,NA,NA,NA,NA,NA,NA,NA,NA,NA,NA,NA,NA,NA,NA,NA,NA,23,4,1,2,3,6,2,7,6,6,6,6,2,6,6,6,1,5,6,2,6,1,2,2,2,2,5,2,6,5,6,5,7,5,1,NA,1996
17104084,1,2019-05-10 18:25:21,4,1,3,1,4,1,2,2,1,1,4,2,5,2,1,4,4,5,5,4,4,1,1,5,1,1,1,5,5,1,3,4,5,4,2,4,1,4,4,5,4,5,2,1,1,5,1,5,NA,NA,NA,NA,NA,NA,NA,NA,NA,NA,NA,NA,NA,NA,NA,NA,NA,22,4,1,1,5,4,2,4,5,7,5,5,2,6,5,4,3,1,6,2,4,2,5,3,5,2,6,2,7,7,6,5,6,2,3,NA,1997
17104084,2,2019-05-21 13:03:55,2,1,1,1,2,1,2,1,1,2,2,1,5,1,1,4,4,5,5,4,5,1,1,5,2,1,1,4,5,1,2,4,5,5,1,4,1,5,4,5,2,4,1,4,1,4,1,4,NA,NA,NA,NA,NA,NA,NA,NA,NA,NA,NA,NA,NA,NA,NA,NA,NA,22,4,1,1,5,4,2,4,5,7,5,5,2,6,5,4,3,1,6,2,4,2,5,3,5,2,6,2,7,7,6,5,6,2,3,NA,1997
17108085,1,2019-06-10 06:40:27,2,1,1,1,1,1,1,1,1,1,1,2,4,1,1,3,4,1,4,2,4,2,1,3,2,4,4,4,4,1,2,1,1,5,1,5,3,5,1,4,1,5,1,5,1,5,2,5,NA,NA,NA,NA,NA,NA,NA,NA,NA,NA,NA,NA,NA,NA,NA,NA,NA,22,4,1,3,5,4,2,6,5,5,5,5,2,6,5,5,3,5,6,2,6,1,2,4,2,1,6,2,6,7,7,5,7,3,1,NA,1997
17108085,2,2019-06-19 10:44:48,4,1,1,1,1,1,4,1,1,2,1,1,4,1,1,4,4,2,3,4,4,1,2,2,4,2,4,2,4,1,3,4,1,5,2,5,3,5,2,4,1,4,1,5,1,5,1,5,NA,NA,NA,NA,NA,NA,NA,NA,NA,NA,NA,NA,NA,NA,NA,NA,NA,22,4,1,3,5,4,2,6,5,5,5,5,2,6,5,5,3,5,6,2,6,1,2,4,2,1,6,2,6,7,7,5,7,3,1,NA,1997
17118597,1,2019-05-14 16:50:16,2,1,1,1,1,1,2,1,1,2,1,1,4,1,4,2,2,4,3,4,4,2,1,4,4,1,4,5,3,1,4,3,3,4,4,2,2,5,5,4,2,3,1,1,4,4,4,5,NA,NA,NA,NA,NA,NA,NA,NA,NA,NA,NA,NA,NA,NA,NA,NA,NA,23,4,1,3,6,7,1,7,7,6,1,5,4,6,5,6,3,1,7,1,6,1,6,4,4,4,1,1,7,6,6,5,6,4,2,NA,1996
17118597,2,2019-05-22 09:39:02,1,1,1,1,1,1,2,1,1,2,1,1,5,1,2,2,4,4,5,4,5,1,1,4,4,1,4,5,5,1,5,1,2,4,4,3,4,5,5,4,1,5,1,3,3,4,1,5,NA,NA,NA,NA,NA,NA,NA,NA,NA,NA,NA,NA,NA,NA,NA,NA,NA,23,4,1,3,6,7,1,7,7,6,1,5,4,6,5,6,3,1,7,1,6,1,6,4,4,4,1,1,7,6,6,5,6,4,2,NA,1996
17118647,1,2019-06-15 11:49:31,4,2,1,1,1,1,1,1,1,2,1,1,5,1,1,4,4,4,4,4,4,2,2,4,3,2,1,4,5,1,5,4,3,5,2,4,3,5,5,5,1,4,1,4,1,4,3,4,NA,NA,NA,NA,NA,NA,NA,NA,NA,NA,NA,NA,NA,NA,NA,NA,NA,23,4,1,2,6,6,2,7,7,7,6,6,1,7,2,6,6,3,7,1,6,2,1,1,2,1,7,1,7,7,7,7,7,3,3,NA,1996
17118647,2,2019-06-24 15:54:42,1,1,1,1,1,1,2,1,1,1,1,2,5,1,1,4,4,4,5,4,4,1,2,5,2,1,1,5,5,1,5,4,4,5,1,4,3,5,5,5,1,5,1,5,1,5,1,5,2,1,1,2,1,2,2,1,1,1,1,1,1,1,2,1,2,23,4,1,2,6,6,2,7,7,7,6,6,1,7,2,6,6,3,7,1,6,2,1,1,2,1,7,1,7,7,7,7,7,3,3,NA,1996
17118670,1,2019-06-20 08:10:44,1,1,1,1,1,1,1,1,1,2,2,1,4,1,1,4,4,4,4,4,4,1,1,4,3,1,3,4,4,1,3,4,3,4,2,5,3,5,4,4,2,4,1,1,1,3,2,4,NA,NA,NA,NA,NA,NA,NA,NA,NA,NA,NA,NA,NA,NA,NA,NA,NA,23,4,1,2,4,6,2,6,4,5,3,6,2,6,6,2,1,1,7,1,7,1,2,5,2,3,6,2,7,3,6,2,7,4,2,NA,1996
17118670,2,2019-07-17 11:22:38,1,1,1,1,1,2,2,1,1,2,3,1,4,1,1,4,4,4,3,5,5,1,1,4,2,1,2,4,4,1,5,5,4,4,1,5,2,5,3,4,1,5,1,3,1,5,1,4,2,1,1,2,2,2,2,1,1,2,2,1,2,2,2,2,2,23,4,1,2,4,6,2,6,4,5,3,6,2,6,6,2,1,1,7,1,7,1,2,5,2,3,6,2,7,3,6,2,7,4,2,NA,1996
17118746,1,2019-05-02 15:31:02,2,1,1,1,4,1,1,1,1,2,1,1,1,4,1,1,4,4,2,4,5,4,4,4,2,1,2,2,4,1,4,5,3,2,4,4,4,5,5,4,2,5,1,1,1,4,3,4,NA,NA,NA,NA,NA,NA,NA,NA,NA,NA,NA,NA,NA,NA,NA,NA,NA,32,4,1,2,2,3,4,7,5,5,5,2,NA,NA,6,2,1,1,6,6,2,6,6,3,5,4,2,2,6,2,6,3,5,4,2,NA,1987
17118746,2,2019-05-10 08:37:41,3,1,2,1,2,1,2,1,1,2,2,1,2,4,2,2,4,4,3,4,5,4,4,4,4,1,2,5,4,1,4,5,4,1,4,4,4,5,5,4,2,4,1,2,2,4,3,4,NA,NA,NA,NA,NA,NA,NA,NA,NA,NA,NA,NA,NA,NA,NA,NA,NA,32,4,1,2,2,3,4,7,5,5,5,2,NA,NA,6,2,1,1,6,6,2,6,6,3,5,4,2,2,6,2,6,3,5,4,2,NA,1987
17121534,1,2019-06-18 10:54:59,3,1,3,1,1,2,3,1,3,4,1,2,2,1,2,2,5,4,4,4,3,1,1,5,4,1,3,4,4,3,4,2,3,3,3,3,2,3,3,3,3,1,1,2,2,3,2,5,NA,NA,NA,NA,NA,NA,NA,NA,NA,NA,NA,NA,NA,NA,NA,NA,NA,25,5,0,1,5,1,1,5,6,7,4,2,5,7,5,2,1,1,6,3,6,2,2,2,2,2,6,1,6,2,3,3,6,4,3,NA,1994
17121534,2,2019-06-28 09:34:08,4,1,1,1,1,1,2,1,1,1,1,1,2,1,3,1,4,4,3,5,2,4,1,5,4,1,3,4,2,4,3,2,3,3,3,2,1,3,1,3,1,5,3,4,2,2,1,4,2,1,1,1,1,1,2,1,1,1,1,2,2,1,1,2,2,25,5,0,1,5,1,1,5,6,7,4,2,5,7,5,2,1,1,6,3,6,2,2,2,2,2,6,1,6,2,3,3,6,4,3,NA,1994
17124801,1,2019-05-05 16:20:09,3,4,3,3,3,4,3,2,2,4,2,2,5,2,1,1,4,5,3,3,4,2,1,5,5,1,3,4,4,1,1,5,3,4,4,4,4,5,4,5,2,4,3,4,1,4,2,4,NA,NA,NA,NA,NA,NA,NA,NA,NA,NA,NA,NA,NA,NA,NA,NA,NA,30,4,1,4,7,1,1,1,7,6,6,6,2,7,3,4,2,1,7,2,2,3,7,7,4,2,4,2,7,7,7,6,7,4,2,NA,1989
17124801,2,2019-05-24 12:48:09,3,2,2,2,2,2,3,1,1,4,3,2,5,1,1,1,5,5,4,3,5,1,4,5,5,1,1,5,5,1,3,5,3,5,3,5,5,5,4,5,3,4,2,5,1,5,2,4,NA,NA,NA,NA,NA,NA,NA,NA,NA,NA,NA,NA,NA,NA,NA,NA,NA,30,4,1,4,7,1,1,1,7,6,6,6,2,7,3,4,2,1,7,2,2,3,7,7,4,2,4,2,7,7,7,6,7,4,2,NA,1989
17126475,1,2019-07-02 08:48:07,1,1,1,1,1,1,1,1,1,1,1,1,5,3,2,4,4,5,4,5,4,1,1,4,4,2,2,5,4,1,5,4,5,5,3,5,2,5,2,2,2,5,1,4,1,5,2,5,2,2,1,1,2,2,2,1,1,1,1,2,1,1,1,2,1,29,6,0,2,5,7,2,6,6,6,6,5,2,6,3,5,3,5,7,1,6,1,5,7,2,5,6,3,7,5,7,6,7,3,3,NA,1990
17126475,2,2019-07-17 09:37:43,1,1,1,1,1,1,2,1,1,1,1,1,5,3,3,4,4,4,4,5,4,2,1,4,2,2,4,4,5,1,5,4,4,4,3,5,3,5,4,4,2,5,1,4,3,5,2,5,2,1,1,1,1,2,2,1,1,1,2,2,1,1,1,2,1,29,6,0,2,5,7,2,6,6,6,6,5,2,6,3,5,3,5,7,1,6,1,5,7,2,5,6,3,7,5,7,6,7,3,3,NA,1990
17153164,1,2019-05-16 18:28:38,1,1,1,1,1,1,1,1,1,2,1,1,5,1,1,4,4,5,5,4,5,1,1,5,4,1,1,5,5,1,3,5,4,5,1,5,3,5,5,5,1,5,1,4,1,5,3,5,NA,NA,NA,NA,NA,NA,NA,NA,NA,NA,NA,NA,NA,NA,NA,NA,NA,26,4,1,2,7,6,1,7,7,7,3,6,1,7,2,6,3,2,6,1,7,1,6,7,1,1,7,3,7,7,7,7,7,3,2,NA,1993
17153164,2,2019-05-24 10:44:48,1,1,1,1,1,1,1,1,1,2,1,1,5,1,1,4,4,5,5,4,5,1,1,4,4,1,1,5,5,1,5,5,4,4,1,5,2,5,5,5,5,4,1,4,1,5,2,5,NA,NA,NA,NA,NA,NA,NA,NA,NA,NA,NA,NA,NA,NA,NA,NA,NA,26,4,1,2,7,6,1,7,7,7,3,6,1,7,2,6,3,2,6,1,7,1,6,7,1,1,7,3,7,7,7,7,7,3,2,NA,1993
18100917,1,2019-05-08 14:04:27,2,2,2,1,3,2,2,2,2,2,2,1,4,1,2,4,4,4,4,4,5,2,2,5,2,2,1,4,5,1,4,5,3,4,2,4,2,5,4,5,4,5,2,2,4,4,4,4,NA,NA,NA,NA,NA,NA,NA,NA,NA,NA,NA,NA,NA,NA,NA,NA,NA,21,4,1,3,7,5,2,1,5,7,6,5,2,7,3,6,5,3,7,2,7,1,5,2,3,1,6,1,7,7,7,7,7,4,3,NA,1998
18100917,2,2019-05-15 13:02:23,2,2,2,1,2,2,2,2,1,4,2,2,5,1,1,4,4,4,4,4,5,2,2,5,2,2,1,4,5,1,4,5,4,4,2,4,2,4,4,5,4,5,2,2,1,4,4,4,NA,NA,NA,NA,NA,NA,NA,NA,NA,NA,NA,NA,NA,NA,NA,NA,NA,21,4,1,3,7,5,2,1,5,7,6,5,2,7,3,6,5,3,7,2,7,1,5,2,3,1,6,1,7,7,7,7,7,4,3,NA,1998
18101246,1,2019-05-10 14:31:43,1,3,1,2,2,1,3,1,1,2,2,1,4,3,1,3,4,3,4,4,4,5,4,4,1,1,3,4,5,1,5,5,3,5,3,3,2,5,2,5,3,5,2,2,2,3,3,4,NA,NA,NA,NA,NA,NA,NA,NA,NA,NA,NA,NA,NA,NA,NA,NA,NA,21,4,1,2,6,5,1,7,5,7,5,5,2,6,3,5,4,1,7,3,5,3,5,5,4,3,4,2,7,7,5,6,7,4,3,NA,1998
18101246,2,2019-05-17 11:58:25,1,1,1,1,2,1,2,1,1,2,2,1,4,2,1,4,4,4,3,4,5,1,1,4,1,1,2,4,5,1,2,5,4,5,2,4,3,5,2,4,2,5,1,3,1,4,1,4,NA,NA,NA,NA,NA,NA,NA,NA,NA,NA,NA,NA,NA,NA,NA,NA,NA,21,4,1,2,6,5,1,7,5,7,5,5,2,6,3,5,4,1,7,3,5,3,5,5,4,3,4,2,7,7,5,6,7,4,3,NA,1998
18101881,1,2019-05-15 09:50:52,1,1,1,1,1,1,1,1,1,1,1,1,3,1,1,2,3,3,3,3,4,2,2,4,4,2,3,4,3,1,1,3,2,3,3,4,4,4,4,4,2,4,1,3,1,3,3,4,NA,NA,NA,NA,NA,NA,NA,NA,NA,NA,NA,NA,NA,NA,NA,NA,NA,21,4,1,3,5,5,1,6,5,6,3,4,1,5,3,4,1,2,5,4,3,4,5,5,4,4,4,2,6,6,6,4,6,4,3,NA,1998
18101881,2,2019-05-22 10:51:11,1,1,1,1,1,1,1,1,5,1,1,1,3,1,2,1,4,3,2,4,4,2,2,3,4,2,3,4,3,1,1,3,2,2,3,3,4,4,4,2,2,4,1,3,1,4,3,4,NA,NA,NA,NA,NA,NA,NA,NA,NA,NA,NA,NA,NA,NA,NA,NA,NA,21,4,1,3,5,5,1,6,5,6,3,4,1,5,3,4,1,2,5,4,3,4,5,5,4,4,4,2,6,6,6,4,6,4,3,NA,1998
18108431,1,2019-05-15 09:29:52,1,1,1,1,1,1,2,1,1,3,1,1,4,1,2,3,4,3,3,3,4,2,3,4,2,2,2,4,4,1,3,4,3,4,2,4,3,4,5,5,2,4,1,2,3,3,4,4,NA,NA,NA,NA,NA,NA,NA,NA,NA,NA,NA,NA,NA,NA,NA,NA,NA,21,4,1,3,3,6,4,6,4,5,5,3,2,6,3,5,2,1,6,4,4,4,6,6,5,3,4,1,7,6,6,5,6,4,2,NA,1998
18108431,2,2019-05-22 12:00:36,1,1,1,1,1,1,1,1,1,2,1,1,4,1,2,4,4,4,3,3,5,1,2,4,1,2,2,4,4,1,3,3,4,4,2,3,2,3,4,4,2,4,1,2,2,4,3,3,NA,NA,NA,NA,NA,NA,NA,NA,NA,NA,NA,NA,NA,NA,NA,NA,NA,21,4,1,3,3,6,4,6,4,5,5,3,2,6,3,5,2,1,6,4,4,4,6,6,5,3,4,1,7,6,6,5,6,4,2,NA,1998
18108720,1,2019-05-02 14:37:01,2,2,2,1,2,2,2,2,1,2,2,1,2,1,2,4,2,2,4,4,2,4,2,4,2,2,1,5,4,1,3,3,3,5,2,4,4,4,4,5,2,5,2,4,2,4,1,4,NA,NA,NA,NA,NA,NA,NA,NA,NA,NA,NA,NA,NA,NA,NA,NA,NA,19,4,1,3,3,3,5,4,3,3,4,2,NA,NA,6,3,2,1,3,6,2,6,5,5,5,6,2,2,6,2,4,3,5,5,2,NA,2000
18108720,2,2019-05-10 11:57:42,5,2,4,2,2,2,2,2,1,5,2,2,3,1,2,4,4,2,4,4,4,4,2,4,2,2,1,4,4,1,4,4,4,5,2,4,2,5,5,5,1,5,1,4,1,4,1,4,NA,NA,NA,NA,NA,NA,NA,NA,NA,NA,NA,NA,NA,NA,NA,NA,NA,19,4,1,3,3,3,5,4,3,3,4,2,NA,NA,6,3,2,1,3,6,2,6,5,5,5,6,2,2,6,2,4,3,5,5,2,NA,2000
18113662,1,2019-06-21 23:26:32,1,1,2,1,2,1,2,1,1,1,1,1,5,1,1,3,4,2,2,4,4,2,1,4,4,2,4,5,3,2,4,2,2,4,4,4,2,4,2,2,2,5,1,4,1,4,2,5,NA,NA,NA,NA,NA,NA,NA,NA,NA,NA,NA,NA,NA,NA,NA,NA,NA,20,4,1,2,5,5,3,5,5,5,5,5,3,6,5,2,3,1,6,3,5,3,5,3,4,3,5,1,6,5,7,5,6,5,2,NA,1999
18113662,2,2019-06-28 13:23:59,1,1,1,1,2,1,2,1,1,2,1,1,4,1,1,2,4,3,3,4,4,4,2,4,4,2,4,4,3,1,4,4,2,4,4,4,3,5,2,2,4,5,1,4,1,4,2,5,2,1,1,2,1,2,2,1,1,2,1,2,1,1,1,2,1,20,4,1,2,5,5,3,5,5,5,5,5,3,6,5,2,3,1,6,3,5,3,5,3,4,3,5,1,6,5,7,5,6,5,2,NA,1999
18119461,1,2019-05-18 14:37:46,1,1,1,1,4,1,1,1,1,3,1,1,5,4,4,5,4,5,4,5,4,1,1,5,2,2,4,4,4,2,5,4,2,4,4,5,4,5,4,4,3,5,1,3,1,5,5,5,NA,NA,NA,NA,NA,NA,NA,NA,NA,NA,NA,NA,NA,NA,NA,NA,NA,21,4,1,2,5,5,3,3,5,4,5,5,2,5,6,3,2,2,5,4,3,4,6,5,5,4,4,1,6,5,6,4,6,4,3,NA,1998
18119461,2,2019-05-28 10:28:24,1,1,1,1,4,1,2,1,1,3,1,1,4,4,4,4,5,5,4,5,4,1,2,5,2,2,4,4,5,3,4,5,3,3,4,5,4,5,4,4,3,5,1,3,1,4,4,5,NA,NA,NA,NA,NA,NA,NA,NA,NA,NA,NA,NA,NA,NA,NA,NA,NA,21,4,1,2,5,5,3,3,5,4,5,5,2,5,6,3,2,2,5,4,3,4,6,5,5,4,4,1,6,5,6,4,6,4,3,NA,1998
18119925,1,2019-05-17 19:59:51,1,1,1,1,1,1,1,1,1,2,1,1,4,3,2,5,4,4,2,4,4,1,2,5,3,2,4,5,4,1,4,4,4,5,5,4,4,5,4,4,3,5,1,3,3,4,4,4,NA,NA,NA,NA,NA,NA,NA,NA,NA,NA,NA,NA,NA,NA,NA,NA,NA,21,4,1,3,5,4,3,3,2,2,5,2,3,4,3,4,3,1,5,3,1,1,5,1,1,5,2,1,7,7,7,5,7,4,3,NA,1998
18119925,2,2019-05-21 15:32:29,1,1,1,1,1,1,1,1,1,1,1,1,4,5,2,4,4,4,1,4,4,1,1,5,2,1,4,5,4,1,4,4,5,5,5,2,4,5,4,2,5,5,1,4,1,4,4,5,NA,NA,NA,NA,NA,NA,NA,NA,NA,NA,NA,NA,NA,NA,NA,NA,NA,21,4,1,3,5,4,3,3,2,2,5,2,3,4,3,4,3,1,5,3,1,1,5,1,1,5,2,1,7,7,7,5,7,4,3,NA,1998
18874834,1,2019-06-13 09:49:09,1,1,1,1,1,1,1,1,1,1,1,1,5,1,1,5,4,5,4,5,5,1,3,4,1,1,1,4,4,1,5,5,4,4,2,4,4,5,4,5,2,4,1,2,1,5,3,5,NA,NA,NA,NA,NA,NA,NA,NA,NA,NA,NA,NA,NA,NA,NA,NA,NA,21,4,1,2,6,7,2,7,6,7,6,6,2,6,2,6,5,2,6,2,6,1,6,2,1,2,6,1,7,7,7,6,7,3,3,NA,1998
18874834,2,2019-06-21 08:37:42,1,1,1,1,1,1,1,1,1,1,1,1,5,1,1,5,4,5,4,4,4,2,3,4,2,1,1,4,4,1,4,5,4,4,2,5,2,5,4,5,2,4,1,3,1,5,4,5,NA,NA,NA,NA,NA,NA,NA,NA,NA,NA,NA,NA,NA,NA,NA,NA,NA,21,4,1,2,6,7,2,7,6,7,6,6,2,6,2,6,5,2,6,2,6,1,6,2,1,2,6,1,7,7,7,6,7,3,3,NA,1998
18874859,1,2019-06-13 10:15:19,1,1,1,1,1,1,1,1,1,1,1,1,5,1,1,3,4,5,1,4,4,1,1,5,1,1,2,4,5,1,5,4,4,1,2,4,5,4,4,4,1,4,1,1,1,4,3,4,NA,NA,NA,NA,NA,NA,NA,NA,NA,NA,NA,NA,NA,NA,NA,NA,NA,21,4,0,1,4,6,4,1,5,6,6,5,1,6,5,5,3,6,7,1,6,1,2,5,2,1,7,1,6,5,7,6,6,3,2,NA,1998
18874859,2,2019-06-18 08:36:24,1,1,1,1,1,1,1,1,1,1,1,1,4,1,2,4,4,5,1,5,4,2,1,5,1,1,2,4,5,2,5,5,5,2,2,4,5,4,5,4,2,4,1,1,1,4,5,5,NA,NA,NA,NA,NA,NA,NA,NA,NA,NA,NA,NA,NA,NA,NA,NA,NA,21,4,0,1,4,6,4,1,5,6,6,5,1,6,5,5,3,6,7,1,6,1,2,5,2,1,7,1,6,5,7,6,6,3,2,NA,1998
20111222,1,2019-06-11 11:06:08,1,1,1,1,1,1,1,1,1,1,1,1,5,3,1,5,4,2,1,4,5,5,5,4,1,1,2,4,5,1,2,3,4,1,2,5,4,5,5,3,1,5,1,1,1,4,3,4,NA,NA,NA,NA,NA,NA,NA,NA,NA,NA,NA,NA,NA,NA,NA,NA,NA,36,6,0,2,5,2,2,6,5,6,4,3,4,6,2,3,5,3,6,2,6,2,1,4,1,1,6,3,6,6,7,7,6,4,3,NA,1983
20111222,2,2019-06-18 17:19:53,1,1,1,1,1,1,1,1,1,2,2,1,5,2,1,5,4,3,3,4,5,1,1,5,1,1,2,4,4,1,3,4,4,2,2,4,4,5,5,4,3,5,1,1,1,4,1,4,NA,NA,NA,NA,NA,NA,NA,NA,NA,NA,NA,NA,NA,NA,NA,NA,NA,36,6,0,2,5,2,2,6,5,6,4,3,4,6,2,3,5,3,6,2,6,2,1,4,1,1,6,3,6,6,7,7,6,4,3,NA,1983
20200300,1,2019-06-13 10:13:11,1,1,1,1,1,1,1,1,1,1,1,1,4,2,2,4,4,3,4,5,4,2,1,5,1,1,4,4,4,1,4,4,4,2,3,3,2,5,3,4,2,4,1,2,1,5,4,4,NA,NA,NA,NA,NA,NA,NA,NA,NA,NA,NA,NA,NA,NA,NA,NA,NA,29,6,0,2,2,5,2,3,5,3,5,2,3,5,5,5,3,2,5,5,3,4,2,3,1,3,3,2,6,5,6,5,6,4,3,NA,1990
20200300,2,2019-06-20 15:22:05,1,1,1,1,1,1,2,1,1,1,1,1,4,2,1,4,4,3,1,5,4,2,2,2,2,2,2,4,2,1,4,4,3,3,2,4,2,5,4,4,1,5,1,2,1,5,2,3,NA,NA,NA,NA,NA,NA,NA,NA,NA,NA,NA,NA,NA,NA,NA,NA,NA,29,6,0,2,2,5,2,3,5,3,5,2,3,5,5,5,3,2,5,5,3,4,2,3,1,3,3,2,6,5,6,5,6,4,3,NA,1990
20222333,1,2019-06-24 10:32:41,4,4,2,4,2,1,1,1,1,4,2,4,4,1,1,3,4,4,3,4,4,4,2,5,4,2,1,1,5,1,4,4,4,2,4,4,4,4,5,5,1,5,1,4,1,4,2,4,NA,NA,NA,NA,NA,NA,NA,NA,NA,NA,NA,NA,NA,NA,NA,NA,NA,44,6,0,2,4,3,3,7,4,5,4,6,4,5,7,4,1,1,6,2,5,5,4,5,5,2,4,3,5,3,6,2,5,4,1,NA,1975
20222333,2,2019-07-17 17:53:20,4,2,2,2,4,2,2,2,2,4,2,3,4,1,1,2,4,3,2,3,4,4,2,5,3,3,2,1,3,1,4,4,3,2,2,4,2,4,5,5,1,3,2,2,1,4,1,4,2,1,1,2,1,2,1,1,1,1,2,1,2,2,1,1,2,44,6,0,2,4,3,3,7,4,5,4,6,4,5,7,4,1,1,6,2,5,5,4,5,5,2,4,3,5,3,6,2,5,4,1,NA,1975
20456789,1,2019-07-13 06:29:22,4,2,3,1,4,1,3,2,1,3,3,1,5,3,1,4,5,1,5,5,5,1,4,4,2,1,2,5,5,1,4,5,4,5,4,4,3,5,4,5,2,5,2,3,1,4,2,5,2,1,1,2,2,2,2,2,1,1,1,1,1,1,1,1,2,44,7,1,3,3,4,4,5,3,3,2,1,7,5,3,4,4,2,7,2,6,2,5,4,1,2,6,1,7,6,6,5,7,5,2,NA,1975
20456789,2,2019-07-16 15:24:27,4,1,1,1,4,1,3,2,1,3,3,2,4,2,1,4,5,2,5,5,5,1,2,5,2,1,2,5,5,1,4,5,5,5,2,4,4,5,4,5,2,5,2,4,1,4,4,4,2,1,1,2,2,2,2,2,1,1,1,1,2,2,1,2,2,44,7,1,3,3,4,4,5,3,3,2,1,7,5,3,4,4,2,7,2,6,2,5,4,1,2,6,1,7,6,6,5,7,5,2,NA,1975
EftPx,1,2019-05-12 17:06:12,1,1,1,1,1,1,3,1,1,1,1,1,4,4,4,4,2,1,1,4,4,3,1,5,1,2,3,2,4,1,3,4,2,4,4,4,2,4,5,5,1,5,2,2,1,5,3,5,NA,NA,NA,NA,NA,NA,NA,NA,NA,NA,NA,NA,NA,NA,NA,NA,NA,56,7,0,1,5,5,4,6,5,6,3,2,5,4,4,3,2,2,6,2,2,2,2,2,2,2,7,4,6,3,6,6,5,2,3,NA,1963
EftPx,2,2019-05-22 14:31:53,2,1,1,1,1,1,1,1,1,2,1,1,5,2,1,1,4,2,1,5,5,2,1,5,1,1,4,4,5,1,5,5,4,4,4,4,2,5,5,2,1,5,1,4,1,5,2,5,NA,NA,NA,NA,NA,NA,NA,NA,NA,NA,NA,NA,NA,NA,NA,NA,NA,56,7,0,1,5,5,4,6,5,6,3,2,5,4,4,3,2,2,6,2,2,2,2,2,2,2,7,4,6,3,6,6,5,2,3,NA,1963
kim,1,2019-06-24 17:50:57,3,1,1,1,2,1,1,1,1,4,1,2,5,3,3,4,5,4,4,5,5,1,1,5,3,1,1,5,4,1,3,4,4,3,3,3,2,5,3,5,3,5,3,4,1,4,2,4,2,1,1,2,2,2,2,1,1,2,1,2,2,2,1,2,1,34,5,0,3,5,5,5,5,4,6,4,3,6,4,2,3,3,1,7,5,6,5,6,5,6,4,1,1,5,6,6,5,6,5,1,NA,1985
kim,2,2019-07-01 17:06:52,2,1,1,3,2,1,2,1,2,2,1,3,4,3,1,4,5,4,4,5,5,1,1,4,5,1,1,5,5,3,4,4,4,4,3,5,2,5,3,5,3,5,2,4,1,3,3,4,2,1,1,2,2,2,2,1,1,1,2,2,1,1,1,2,1,34,5,0,3,5,5,5,5,4,6,4,3,6,4,2,3,3,1,7,5,6,5,6,5,6,4,1,1,5,6,6,5,6,5,1,NA,1985
sutti,1,2019-05-06 22:34:03,1,1,3,4,1,1,4,1,4,1,2,1,5,1,3,1,2,4,4,1,5,3,1,5,1,1,2,4,4,1,4,4,2,5,4,5,3,5,1,5,3,4,1,2,1,2,4,3,NA,NA,NA,NA,NA,NA,NA,NA,NA,NA,NA,NA,NA,NA,NA,NA,NA,26,2,0,2,5,7,2,6,6,7,5,4,NA,NA,5,5,4,2,6,6,2,5,5,4,6,6,2,2,5,5,6,3,6,3,2,NA,1993
sutti,2,2019-05-10 15:04:09,2,1,1,3,1,1,4,1,1,2,2,1,3,1,1,1,3,4,4,3,4,3,2,2,2,2,2,4,4,1,4,4,2,4,1,5,3,5,4,4,1,4,2,3,1,2,3,4,NA,NA,NA,NA,NA,NA,NA,NA,NA,NA,NA,NA,NA,NA,NA,NA,NA,26,2,0,2,5,7,2,6,6,7,5,4,NA,NA,5,5,4,2,6,6,2,5,5,4,6,6,2,2,5,5,6,3,6,3,2,NA,1993
