time,value,Date
08:53:37,74,10.05.19
08:53:42,86,10.05.19
08:53:57,86,10.05.19
08:54:12,86,10.05.19
08:54:27,86,10.05.19
08:54:32,90,10.05.19
08:54:47,90,10.05.19
08:55:02,109,10.05.19
08:55:17,109,10.05.19
08:55:32,113,10.05.19
08:55:37,112,10.05.19
08:55:52,112,10.05.19
08:56:07,114,10.05.19
08:56:22,114,10.05.19
08:56:32,112,10.05.19
08:56:47,112,10.05.19
08:57:02,117,10.05.19
08:57:17,117,10.05.19
08:57:32,116,10.05.19
08:57:37,117,10.05.19
08:57:52,117,10.05.19
08:58:02,118,10.05.19
08:58:07,120,10.05.19
08:58:14,120,10.05.19
08:58:29,120,10.05.19
08:58:34,123,10.05.19
08:58:39,126,10.05.19
08:58:54,126,10.05.19
08:59:04,125,10.05.19
08:59:09,126,10.05.19
08:59:19,126,10.05.19
08:59:29,126,10.05.19
08:59:34,128,10.05.19
08:59:39,128,10.05.19
08:59:44,128,10.05.19
08:59:59,128,10.05.19
09:00:14,128,10.05.19
09:00:29,128,10.05.19
09:00:34,125,10.05.19
09:00:39,122,10.05.19
09:00:44,126,10.05.19
09:00:49,127,10.05.19
09:00:54,132,10.05.19
09:00:59,135,10.05.19
09:01:04,136,10.05.19
09:01:09,142,10.05.19
09:01:14,145,10.05.19
09:01:19,147,10.05.19
09:01:34,147,10.05.19
09:01:49,147,10.05.19
09:01:51,147,10.05.19
09:01:56,146,10.05.19
09:02:11,146,10.05.19
09:02:16,146,10.05.19
09:02:31,185,10.05.19
09:02:36,200,10.05.19
09:02:41,187,10.05.19
09:02:46,177,10.05.19
09:02:51,167,10.05.19
09:02:56,159,10.05.19
09:03:01,154,10.05.19
09:03:06,141,10.05.19
09:03:11,134,10.05.19
09:03:16,133,10.05.19
09:03:31,132,10.05.19
09:03:36,130,10.05.19
09:03:42,132,10.05.19
09:03:52,169,10.05.19
09:03:57,170,10.05.19
09:04:07,169,10.05.19
09:04:12,166,10.05.19
09:04:17,162,10.05.19
09:04:22,157,10.05.19
09:04:27,138,10.05.19
09:04:32,131,10.05.19
09:04:37,130,10.05.19
09:04:42,126,10.05.19
09:04:47,108,10.05.19
09:04:52,103,10.05.19
09:05:02,100,10.05.19
09:05:07,96,10.05.19
09:05:12,91,10.05.19
09:05:17,84,10.05.19
09:05:23,75,10.05.19
09:05:28,73,10.05.19
09:05:43,77,10.05.19
09:05:48,79,10.05.19
09:05:53,82,10.05.19
09:05:58,87,10.05.19
09:06:03,136,10.05.19
09:06:08,146,10.05.19
09:06:13,155,10.05.19
09:06:18,164,10.05.19
09:06:23,172,10.05.19
09:06:28,176,10.05.19
09:06:33,179,10.05.19
09:06:38,181,10.05.19
09:06:43,180,10.05.19
09:06:48,179,10.05.19
09:06:53,175,10.05.19
09:06:58,88,10.05.19
09:07:03,65,10.05.19
09:07:08,66,10.05.19
09:07:13,74,10.05.19
09:07:18,82,10.05.19
09:07:23,86,10.05.19
09:07:28,92,10.05.19
09:07:33,100,10.05.19
09:07:38,101,10.05.19
09:07:53,100,10.05.19
09:08:03,100,10.05.19
09:08:18,100,10.05.19
09:08:33,100,10.05.19
09:08:48,100,10.05.19
09:09:03,100,10.05.19
09:09:13,99,10.05.19
09:09:28,99,10.05.19
09:09:38,101,10.05.19
09:09:43,99,10.05.19
09:09:53,100,10.05.19
09:09:58,105,10.05.19
09:10:03,106,10.05.19
09:10:10,105,10.05.19
09:10:15,106,10.05.19
09:10:20,104,10.05.19
09:10:25,106,10.05.19
09:10:30,105,10.05.19
09:10:35,112,10.05.19
09:10:40,114,10.05.19
09:10:45,113,10.05.19
09:10:55,114,10.05.19
09:11:05,98,10.05.19
09:11:10,101,10.05.19
09:11:15,100,10.05.19
09:11:20,99,10.05.19
09:11:35,99,10.05.19
09:11:50,99,10.05.19
09:11:55,96,10.05.19
09:12:00,93,10.05.19
09:12:05,95,10.05.19
09:12:10,96,10.05.19
09:12:25,96,10.05.19
09:12:40,95,10.05.19
09:12:45,94,10.05.19
09:12:50,95,10.05.19
09:12:55,95,10.05.19
09:13:00,96,10.05.19
09:13:05,97,10.05.19
09:13:11,101,10.05.19
09:13:16,104,10.05.19
09:13:21,103,10.05.19
09:13:26,105,10.05.19
09:13:31,101,10.05.19
09:13:36,102,10.05.19
09:13:51,102,10.05.19
09:14:06,102,10.05.19
09:14:11,103,10.05.19
09:14:26,104,10.05.19
09:14:31,109,10.05.19
09:14:36,113,10.05.19
09:14:41,114,10.05.19
09:14:46,113,10.05.19
09:14:51,116,10.05.19
09:14:56,113,10.05.19
09:15:01,107,10.05.19
09:15:06,104,10.05.19
09:15:11,105,10.05.19
09:15:16,108,10.05.19
09:15:21,104,10.05.19
09:15:26,105,10.05.19
09:15:31,79,10.05.19
09:15:36,72,10.05.19
09:15:43,72,10.05.19
09:15:58,71,10.05.19
09:16:03,71,10.05.19
09:16:13,72,10.05.19
09:16:18,71,10.05.19
09:16:23,72,10.05.19
09:16:28,73,10.05.19
09:16:33,76,10.05.19
09:16:43,74,10.05.19
09:16:48,73,10.05.19
09:17:03,73,10.05.19
09:17:08,71,10.05.19
09:17:13,70,10.05.19
09:17:23,71,10.05.19
09:17:28,80,10.05.19
09:17:38,81,10.05.19
09:17:43,76,10.05.19
09:17:48,77,10.05.19
09:17:53,78,10.05.19
09:17:58,80,10.05.19
09:18:03,81,10.05.19
09:18:08,83,10.05.19
09:18:13,84,10.05.19
09:18:18,84,10.05.19
09:18:28,85,10.05.19
09:18:33,88,10.05.19
09:18:39,91,10.05.19
09:18:44,92,10.05.19
09:18:49,94,10.05.19
09:18:59,96,10.05.19
09:19:04,146,10.05.19
09:19:14,145,10.05.19
09:19:19,142,10.05.19
09:19:24,141,10.05.19
09:19:29,141,10.05.19
09:19:34,140,10.05.19
09:19:39,139,10.05.19
09:19:54,139,10.05.19
09:20:04,138,10.05.19
09:20:19,138,10.05.19
09:20:29,137,10.05.19
09:20:34,136,10.05.19
09:20:44,135,10.05.19
09:20:59,135,10.05.19
09:21:04,133,10.05.19
09:21:09,129,10.05.19
09:21:16,126,10.05.19
09:21:21,123,10.05.19
09:21:26,121,10.05.19
09:21:31,121,10.05.19
09:21:46,113,10.05.19
09:21:51,111,10.05.19
09:21:56,108,10.05.19
09:22:01,110,10.05.19
09:22:06,112,10.05.19
09:22:11,111,10.05.19
09:22:26,112,10.05.19
09:22:31,110,10.05.19
09:22:36,111,10.05.19
09:22:41,104,10.05.19
09:22:46,111,10.05.19
09:22:51,109,10.05.19
09:22:56,110,10.05.19
09:23:01,111,10.05.19
09:23:06,110,10.05.19
09:23:11,110,10.05.19
09:23:26,110,10.05.19
09:23:36,108,10.05.19
09:23:41,100,10.05.19
09:23:46,102,10.05.19
09:23:51,104,10.05.19
09:23:56,103,10.05.19
09:24:01,99,10.05.19
09:24:07,101,10.05.19
09:24:12,102,10.05.19
09:24:22,111,10.05.19
09:24:32,110,10.05.19
09:24:37,116,10.05.19
09:24:42,109,10.05.19
09:24:47,110,10.05.19
09:24:57,115,10.05.19
09:25:02,110,10.05.19
09:25:07,113,10.05.19
09:25:22,114,10.05.19
09:25:27,113,10.05.19
09:25:32,114,10.05.19
09:25:37,113,10.05.19
09:25:47,112,10.05.19
09:25:52,111,10.05.19
09:25:57,111,10.05.19
09:26:02,112,10.05.19
09:26:17,117,10.05.19
09:26:22,116,10.05.19
09:26:27,114,10.05.19
09:26:42,115,10.05.19
09:26:52,114,10.05.19
09:27:07,114,10.05.19
09:27:12,100,10.05.19
09:27:19,100,10.05.19
09:27:24,101,10.05.19
09:27:29,104,10.05.19
09:27:39,107,10.05.19
09:27:44,107,10.05.19
09:27:49,101,10.05.19
09:27:54,96,10.05.19
09:27:59,95,10.05.19
09:28:04,94,10.05.19
09:28:09,97,10.05.19
09:28:14,98,10.05.19
09:28:19,97,10.05.19
09:28:29,94,10.05.19
09:28:34,97,10.05.19
09:28:39,98,10.05.19
09:28:49,97,10.05.19
09:28:54,97,10.05.19
09:28:59,95,10.05.19
09:29:04,97,10.05.19
09:29:09,97,10.05.19
09:29:14,95,10.05.19
09:29:19,96,10.05.19
09:29:24,94,10.05.19
09:29:29,96,10.05.19
09:29:34,97,10.05.19
09:29:39,98,10.05.19
09:29:44,99,10.05.19
09:29:50,99,10.05.19
09:30:00,98,10.05.19
09:30:05,99,10.05.19
09:30:10,98,10.05.19
09:30:15,96,10.05.19
09:30:25,97,10.05.19
09:30:30,98,10.05.19
09:30:35,98,10.05.19
09:30:40,98,10.05.19
09:30:45,97,10.05.19
09:30:50,96,10.05.19
09:30:55,96,10.05.19
09:31:10,92,10.05.19
09:31:15,94,10.05.19
09:31:20,95,10.05.19
09:31:25,97,10.05.19
09:31:30,98,10.05.19
09:31:35,99,10.05.19
09:31:40,100,10.05.19
09:31:50,101,10.05.19
09:31:55,96,10.05.19
09:32:00,100,10.05.19
09:32:05,97,10.05.19
09:32:10,99,10.05.19
09:32:15,98,10.05.19
09:32:25,99,10.05.19
09:32:35,100,10.05.19
09:32:41,99,10.05.19
09:32:46,102,10.05.19
09:32:51,101,10.05.19
09:32:56,102,10.05.19
09:33:01,101,10.05.19
09:33:06,102,10.05.19
09:33:11,103,10.05.19
09:33:16,102,10.05.19
09:33:26,104,10.05.19
09:33:31,105,10.05.19
09:33:36,104,10.05.19
09:33:51,103,10.05.19
09:33:56,107,10.05.19
09:34:01,97,10.05.19
09:34:11,98,10.05.19
09:34:16,100,10.05.19
09:34:31,100,10.05.19
09:34:36,99,10.05.19
09:34:41,102,10.05.19
09:34:46,103,10.05.19
09:34:56,102,10.05.19
09:35:06,103,10.05.19
09:35:11,105,10.05.19
09:35:16,102,10.05.19
09:35:21,101,10.05.19
09:35:26,103,10.05.19
09:35:33,100,10.05.19
09:35:38,103,10.05.19
09:35:43,100,10.05.19
09:35:48,103,10.05.19
09:35:53,101,10.05.19
09:35:58,98,10.05.19
09:36:03,98,10.05.19
09:36:08,99,10.05.19
09:36:13,101,10.05.19
09:36:18,100,10.05.19
09:36:23,102,10.05.19
09:36:28,102,10.05.19
09:36:38,103,10.05.19
09:36:53,103,10.05.19
09:37:03,102,10.05.19
09:37:08,103,10.05.19
09:37:13,103,10.05.19
09:37:28,103,10.05.19
09:37:33,98,10.05.19
09:37:38,95,10.05.19
09:37:43,96,10.05.19
09:37:48,91,10.05.19
09:37:58,91,10.05.19
09:38:03,99,10.05.19
09:38:08,101,10.05.19
09:38:13,105,10.05.19
09:38:19,105,10.05.19
09:38:24,106,10.05.19
09:38:29,105,10.05.19
09:38:34,97,10.05.19
09:38:39,99,10.05.19
09:38:44,99,10.05.19
09:38:49,100,10.05.19
09:38:54,100,10.05.19
09:38:59,100,10.05.19
09:39:04,101,10.05.19
09:39:09,99,10.05.19
09:39:19,101,10.05.19
09:39:24,100,10.05.19
09:39:29,102,10.05.19
09:39:34,101,10.05.19
09:39:39,100,10.05.19
09:39:44,101,10.05.19
09:39:49,101,10.05.19
09:39:54,103,10.05.19
09:39:59,96,10.05.19
09:40:04,99,10.05.19
09:40:19,99,10.05.19
09:40:34,100,10.05.19
09:40:39,101,10.05.19
09:40:44,102,10.05.19
09:40:49,103,10.05.19
09:40:54,100,10.05.19
09:41:00,102,10.05.19
09:41:05,102,10.05.19
09:41:10,103,10.05.19
09:41:15,101,10.05.19
09:41:20,102,10.05.19
09:41:25,103,10.05.19
09:41:30,99,10.05.19
09:41:35,100,10.05.19
09:41:45,98,10.05.19
09:41:50,108,10.05.19
09:41:55,110,10.05.19
09:42:00,99,10.05.19
09:42:05,98,10.05.19
09:42:20,98,10.05.19
09:42:35,101,10.05.19
09:42:40,105,10.05.19
09:42:55,105,10.05.19
09:43:10,105,10.05.19
09:43:25,105,10.05.19
09:43:35,101,10.05.19
09:43:45,99,10.05.19
09:43:50,100,10.05.19
09:43:55,99,10.05.19
09:44:05,99,10.05.19
09:44:20,99,10.05.19
09:44:22,99,10.05.19
09:44:37,98,10.05.19
09:44:47,97,10.05.19
09:44:52,97,10.05.19
09:44:57,95,10.05.19
09:45:02,94,10.05.19
09:45:17,94,10.05.19
09:45:22,93,10.05.19
09:45:27,93,10.05.19
09:45:42,93,10.05.19
09:45:57,93,10.05.19
09:46:02,94,10.05.19
09:46:07,96,10.05.19
09:46:12,99,10.05.19
09:46:17,101,10.05.19
09:46:22,102,10.05.19
09:46:37,102,10.05.19
09:46:47,103,10.05.19
09:46:52,105,10.05.19
09:46:57,106,10.05.19
09:47:07,108,10.05.19
09:47:12,107,10.05.19
09:47:17,106,10.05.19
09:47:22,104,10.05.19
09:47:32,102,10.05.19
09:47:37,99,10.05.19
09:47:42,93,10.05.19
09:47:49,99,10.05.19
09:47:59,98,10.05.19
09:48:09,95,10.05.19
09:48:14,97,10.05.19
09:48:19,96,10.05.19
09:48:24,93,10.05.19
09:48:39,86,10.05.19
09:48:44,79,10.05.19
09:48:49,71,10.05.19
09:48:54,72,10.05.19
09:49:04,70,10.05.19
09:49:09,70,10.05.19
09:49:14,71,10.05.19
09:49:19,75,10.05.19
09:49:24,75,10.05.19
09:49:34,76,10.05.19
09:49:39,79,10.05.19
09:49:49,77,10.05.19
09:49:54,76,10.05.19
09:50:09,76,10.05.19
09:50:19,75,10.05.19
09:50:34,75,10.05.19
09:50:39,62,10.05.19
09:50:44,62,10.05.19
09:50:49,60,10.05.19
09:50:54,57,10.05.19
09:51:01,57,10.05.19
09:51:11,58,10.05.19
09:51:21,57,10.05.19
09:51:26,55,10.05.19
09:51:41,56,10.05.19
09:51:46,57,10.05.19
09:52:01,57,10.05.19
09:52:16,57,10.05.19
09:52:26,57,10.05.19
09:52:41,58,10.05.19
09:52:56,59,10.05.19
09:53:01,60,10.05.19
09:53:16,60,10.05.19
09:53:26,61,10.05.19
09:53:41,63,10.05.19
09:53:46,64,10.05.19
09:53:56,66,10.05.19
09:54:11,66,10.05.19
09:54:16,67,10.05.19
09:54:31,67,10.05.19
09:54:41,69,10.05.19
09:54:56,66,10.05.19
09:55:01,67,10.05.19
09:55:11,68,10.05.19
09:55:16,72,10.05.19
09:55:26,73,10.05.19
09:55:31,75,10.05.19
09:55:38,75,10.05.19
09:55:48,76,10.05.19
09:55:53,78,10.05.19
09:56:08,78,10.05.19
09:56:13,79,10.05.19
09:56:18,81,10.05.19
09:56:28,83,10.05.19
09:56:38,84,10.05.19
09:56:43,83,10.05.19
09:56:58,79,10.05.19
09:57:03,81,10.05.19
09:57:18,81,10.05.19
09:57:33,81,10.05.19
09:57:43,77,10.05.19
09:57:53,77,10.05.19
09:58:08,77,10.05.19
09:58:23,77,10.05.19
09:58:38,71,10.05.19
09:58:43,57,10.05.19
09:58:48,57,10.05.19
09:58:53,56,10.05.19
09:58:58,55,10.05.19
09:59:03,57,10.05.19
09:59:08,57,10.05.19
09:59:13,55,10.05.19
09:59:18,54,10.05.19
09:59:25,54,10.05.19
09:59:30,56,10.05.19
09:59:45,57,10.05.19
09:59:55,56,10.05.19
10:00:00,54,10.05.19
10:00:05,53,10.05.19
10:00:10,53,10.05.19
10:00:15,53,10.05.19
10:00:20,54,10.05.19
10:00:35,54,10.05.19
10:00:45,55,10.05.19
10:00:55,55,10.05.19
10:01:10,54,10.05.19
10:01:15,53,10.05.19
10:01:30,55,10.05.19
10:01:35,54,10.05.19
10:01:40,53,10.05.19
10:01:45,53,10.05.19
10:01:50,54,10.05.19
10:01:55,55,10.05.19
10:02:00,54,10.05.19
10:02:05,55,10.05.19
10:02:10,54,10.05.19
10:02:15,55,10.05.19
10:02:20,56,10.05.19
10:02:25,58,10.05.19
10:02:30,60,10.05.19
10:02:36,61,10.05.19
10:02:41,67,10.05.19
10:02:46,67,10.05.19
10:02:56,66,10.05.19
10:03:01,66,10.05.19
10:03:06,66,10.05.19
10:03:16,66,10.05.19
10:03:26,65,10.05.19
10:03:31,63,10.05.19
10:03:36,60,10.05.19
10:03:41,62,10.05.19
10:03:46,65,10.05.19
10:03:51,66,10.05.19
10:03:56,65,10.05.19
10:04:01,67,10.05.19
10:04:06,67,10.05.19
10:04:11,62,10.05.19
10:04:26,69,10.05.19
10:04:31,74,10.05.19
10:04:41,74,10.05.19
10:04:51,75,10.05.19
10:05:06,75,10.05.19
10:05:21,75,10.05.19
10:05:36,75,10.05.19
10:05:51,75,10.05.19
10:05:56,75,10.05.19
10:06:06,75,10.05.19
10:06:13,75,10.05.19
10:06:28,75,10.05.19
10:06:43,75,10.05.19
10:06:53,75,10.05.19
10:07:08,76,10.05.19
10:07:23,76,10.05.19
10:07:28,77,10.05.19
10:07:33,82,10.05.19
10:07:38,84,10.05.19
10:07:43,87,10.05.19
10:07:48,88,10.05.19
10:07:53,86,10.05.19
10:08:08,87,10.05.19
10:08:13,90,10.05.19
10:08:18,92,10.05.19
10:08:28,93,10.05.19
10:08:33,94,10.05.19
10:08:38,96,10.05.19
10:08:43,97,10.05.19
10:08:48,99,10.05.19
10:08:58,102,10.05.19
10:09:03,106,10.05.19
10:09:18,106,10.05.19
10:09:33,106,10.05.19
10:09:38,104,10.05.19
10:09:48,106,10.05.19
10:10:03,106,10.05.19
10:10:05,106,10.05.19
10:10:15,109,10.05.19
10:10:25,111,10.05.19
10:10:30,113,10.05.19
10:10:45,113,10.05.19
10:11:00,113,10.05.19
10:11:15,113,10.05.19
10:11:30,113,10.05.19
10:11:40,113,10.05.19
10:11:55,113,10.05.19
10:12:10,113,10.05.19
10:12:25,113,10.05.19
10:12:40,113,10.05.19
10:12:55,113,10.05.19
10:13:10,113,10.05.19
10:13:25,113,10.05.19
10:13:40,113,10.05.19
10:13:55,113,10.05.19
10:14:10,113,10.05.19
10:14:25,113,10.05.19
10:14:40,113,10.05.19
10:14:55,113,10.05.19
10:15:10,113,10.05.19
10:15:25,113,10.05.19
10:15:40,113,10.05.19
10:15:55,113,10.05.19
10:16:10,113,10.05.19
10:16:13,113,10.05.19
10:16:28,113,10.05.19
10:16:43,113,10.05.19
10:16:58,113,10.05.19
10:17:13,113,10.05.19
10:17:28,113,10.05.19
10:17:43,113,10.05.19
10:17:58,113,10.05.19
10:18:13,113,10.05.19
10:18:28,113,10.05.19
10:18:43,113,10.05.19
10:18:58,113,10.05.19
10:19:13,113,10.05.19
10:19:28,113,10.05.19
10:19:33,114,10.05.19
10:19:38,114,10.05.19
10:19:53,114,10.05.19
10:20:08,114,10.05.19
10:20:23,114,10.05.19
10:20:38,114,10.05.19
10:20:53,114,10.05.19
10:21:08,114,10.05.19
10:21:13,113,10.05.19
10:21:28,113,10.05.19
10:21:33,113,10.05.19
10:21:48,113,10.05.19
10:21:53,113,10.05.19
10:22:01,113,10.05.19
10:22:16,113,10.05.19
10:22:31,113,10.05.19
10:22:46,113,10.05.19
10:23:01,113,10.05.19
10:23:16,113,10.05.19
10:23:31,113,10.05.19
10:23:46,113,10.05.19
10:24:01,113,10.05.19
10:24:16,113,10.05.19
10:24:31,113,10.05.19
10:24:46,113,10.05.19
10:25:01,113,10.05.19
10:25:16,113,10.05.19
10:25:31,113,10.05.19
10:25:46,113,10.05.19
10:26:01,113,10.05.19
10:26:16,113,10.05.19
10:26:31,113,10.05.19
10:26:46,113,10.05.19
10:27:01,113,10.05.19
10:27:16,113,10.05.19
10:27:31,113,10.05.19
10:27:46,113,10.05.19
10:28:01,113,10.05.19
10:28:16,113,10.05.19
10:28:31,113,10.05.19
10:28:34,113,10.05.19
10:28:49,113,10.05.19
10:29:04,113,10.05.19
10:29:19,113,10.05.19
10:29:34,113,10.05.19
10:29:49,113,10.05.19
10:30:04,113,10.05.19
10:30:19,113,10.05.19
10:30:34,113,10.05.19
10:30:49,113,10.05.19
10:31:04,113,10.05.19
10:31:19,113,10.05.19
10:31:34,113,10.05.19
10:31:49,113,10.05.19
10:32:04,113,10.05.19
10:32:19,113,10.05.19
10:32:34,113,10.05.19
10:32:49,113,10.05.19
10:33:04,113,10.05.19
10:33:19,113,10.05.19
10:33:34,113,10.05.19
10:33:49,113,10.05.19
10:34:04,113,10.05.19
10:34:19,113,10.05.19
10:34:34,113,10.05.19
10:34:49,113,10.05.19
10:35:04,113,10.05.19
10:35:08,113,10.05.19
10:35:18,113,10.05.19
10:35:23,114,10.05.19
10:35:33,113,10.05.19
10:35:48,113,10.05.19
10:35:58,112,10.05.19
10:36:08,112,10.05.19
10:36:23,112,10.05.19
10:36:38,112,10.05.19
10:36:53,112,10.05.19
10:36:58,112,10.05.19
10:37:13,112,10.05.19
10:37:28,112,10.05.19
10:37:43,112,10.05.19
10:37:58,112,10.05.19
10:38:13,112,10.05.19
10:38:28,112,10.05.19
10:38:43,112,10.05.19
10:38:58,112,10.05.19
10:39:13,112,10.05.19
10:39:28,112,10.05.19
10:39:43,112,10.05.19
10:39:58,112,10.05.19
10:40:13,112,10.05.19
10:40:28,112,10.05.19
10:40:43,112,10.05.19
10:40:53,111,10.05.19
10:41:00,111,10.05.19
10:41:05,111,10.05.19
10:41:20,111,10.05.19
10:41:35,111,10.05.19
10:41:40,111,10.05.19
10:41:55,112,10.05.19
10:42:10,112,10.05.19
10:42:25,112,10.05.19
10:42:40,112,10.05.19
10:42:55,112,10.05.19
10:43:10,112,10.05.19
10:43:25,112,10.05.19
10:43:40,112,10.05.19
10:43:55,112,10.05.19
10:44:10,112,10.05.19
10:44:25,112,10.05.19
10:44:35,112,10.05.19
10:44:40,112,10.05.19
10:44:45,110,10.05.19
10:45:00,110,10.05.19
10:45:10,110,10.05.19
10:45:15,110,10.05.19
10:45:20,110,10.05.19
10:45:35,110,10.05.19
10:45:50,110,10.05.19
10:46:05,110,10.05.19
10:46:20,110,10.05.19
10:46:23,110,10.05.19
10:46:38,110,10.05.19
10:46:53,110,10.05.19
10:47:08,110,10.05.19
10:47:23,110,10.05.19
10:47:38,110,10.05.19
10:47:53,110,10.05.19
10:48:08,110,10.05.19
10:48:23,110,10.05.19
10:48:38,110,10.05.19
10:48:53,110,10.05.19
10:49:08,110,10.05.19
10:49:23,110,10.05.19
10:49:38,110,10.05.19
10:49:53,110,10.05.19
10:50:08,110,10.05.19
10:50:23,110,10.05.19
10:50:33,110,10.05.19
10:50:48,110,10.05.19
10:51:03,110,10.05.19
10:51:18,110,10.05.19
10:51:28,110,10.05.19
10:51:43,110,10.05.19
10:51:58,110,10.05.19
10:52:13,110,10.05.19
10:52:28,110,10.05.19
10:52:43,110,10.05.19
10:52:47,110,10.05.19
10:53:02,110,10.05.19
10:53:17,110,10.05.19
10:53:32,110,10.05.19
10:53:47,110,10.05.19
10:54:02,110,10.05.19
10:54:17,110,10.05.19
10:54:32,110,10.05.19
10:54:47,110,10.05.19
10:55:02,110,10.05.19
10:55:17,110,10.05.19
10:55:32,110,10.05.19
10:55:47,110,10.05.19
10:56:02,110,10.05.19
10:56:17,110,10.05.19
10:56:32,110,10.05.19
10:56:47,110,10.05.19
10:57:02,110,10.05.19
10:57:17,110,10.05.19
10:57:32,110,10.05.19
10:57:47,110,10.05.19
10:58:02,110,10.05.19
10:58:17,110,10.05.19
10:58:32,110,10.05.19
10:58:47,110,10.05.19
10:59:02,110,10.05.19
10:59:17,110,10.05.19
10:59:21,110,10.05.19
10:59:36,110,10.05.19
10:59:51,110,10.05.19
11:00:06,110,10.05.19
11:00:21,110,10.05.19
11:00:36,110,10.05.19
11:00:51,110,10.05.19
11:01:06,110,10.05.19
11:01:21,110,10.05.19
11:01:36,110,10.05.19
11:01:51,110,10.05.19
11:02:06,110,10.05.19
11:02:21,110,10.05.19
11:02:36,110,10.05.19
11:02:51,110,10.05.19
11:03:06,110,10.05.19
11:03:16,110,10.05.19
11:03:31,110,10.05.19
11:03:46,110,10.05.19
11:03:56,110,10.05.19
11:04:11,110,10.05.19
11:04:26,110,10.05.19
11:04:41,110,10.05.19
11:04:56,110,10.05.19
11:05:11,110,10.05.19
11:05:26,110,10.05.19
11:05:41,110,10.05.19
11:05:44,110,10.05.19
11:05:59,110,10.05.19
11:06:14,110,10.05.19
11:06:29,110,10.05.19
11:06:44,110,10.05.19
11:06:59,110,10.05.19
11:07:14,110,10.05.19
11:07:29,110,10.05.19
11:07:44,110,10.05.19
11:07:59,110,10.05.19
11:08:14,110,10.05.19
11:08:29,110,10.05.19
11:08:44,110,10.05.19
11:08:59,110,10.05.19
11:09:14,110,10.05.19
11:09:29,110,10.05.19
11:09:44,110,10.05.19
11:09:59,110,10.05.19
11:10:14,110,10.05.19
11:10:29,110,10.05.19
11:10:44,110,10.05.19
11:10:59,110,10.05.19
11:11:14,110,10.05.19
11:11:29,110,10.05.19
11:11:44,110,10.05.19
11:11:59,110,10.05.19
11:12:14,110,10.05.19
11:12:17,110,10.05.19
11:12:32,110,10.05.19
11:12:47,110,10.05.19
11:13:02,110,10.05.19
11:13:17,110,10.05.19
11:13:32,110,10.05.19
11:13:47,110,10.05.19
11:14:02,110,10.05.19
11:14:17,110,10.05.19
11:14:32,110,10.05.19
11:14:47,110,10.05.19
11:15:02,110,10.05.19
11:15:17,110,10.05.19
11:15:32,110,10.05.19
11:15:47,110,10.05.19
11:15:52,110,10.05.19
11:16:07,110,10.05.19
11:16:22,110,10.05.19
11:16:37,110,10.05.19
11:16:52,110,10.05.19
11:17:07,110,10.05.19
11:17:22,110,10.05.19
11:17:37,110,10.05.19
11:17:52,110,10.05.19
11:18:07,110,10.05.19
11:18:22,110,10.05.19
11:18:37,110,10.05.19
11:18:40,110,10.05.19
11:18:55,110,10.05.19
11:19:10,110,10.05.19
11:19:25,110,10.05.19
11:19:40,110,10.05.19
11:19:55,110,10.05.19
11:20:10,110,10.05.19
11:20:25,110,10.05.19
11:20:40,110,10.05.19
11:20:55,110,10.05.19
11:21:10,110,10.05.19
11:21:25,110,10.05.19
11:21:40,110,10.05.19
11:21:55,110,10.05.19
11:22:10,110,10.05.19
11:22:25,110,10.05.19
11:22:40,110,10.05.19
11:22:55,110,10.05.19
11:23:10,110,10.05.19
11:23:25,110,10.05.19
11:23:40,110,10.05.19
11:23:55,110,10.05.19
11:24:10,110,10.05.19
11:24:25,110,10.05.19
11:24:40,110,10.05.19
11:24:55,110,10.05.19
11:25:10,110,10.05.19
11:25:13,110,10.05.19
11:25:28,110,10.05.19
11:25:43,110,10.05.19
11:25:58,110,10.05.19
11:26:13,110,10.05.19
11:26:28,110,10.05.19
11:26:43,111,10.05.19
11:26:58,111,10.05.19
11:27:13,111,10.05.19
11:27:28,111,10.05.19
11:27:43,111,10.05.19
11:27:58,111,10.05.19
11:28:13,111,10.05.19
11:28:28,111,10.05.19
11:28:43,111,10.05.19
11:28:58,111,10.05.19
11:29:13,111,10.05.19
11:29:28,111,10.05.19
11:29:43,111,10.05.19
11:29:58,111,10.05.19
11:30:13,111,10.05.19
11:30:28,111,10.05.19
11:30:43,111,10.05.19
11:30:58,111,10.05.19
11:31:13,111,10.05.19
11:31:28,111,10.05.19
11:31:43,111,10.05.19
11:31:47,111,10.05.19
11:32:02,111,10.05.19
11:32:17,111,10.05.19
11:32:32,111,10.05.19
11:32:47,111,10.05.19
11:33:02,111,10.05.19
11:33:17,111,10.05.19
11:33:32,111,10.05.19
11:33:47,111,10.05.19
11:34:02,111,10.05.19
11:34:17,111,10.05.19
11:34:32,111,10.05.19
11:34:47,111,10.05.19
11:35:02,111,10.05.19
11:35:17,111,10.05.19
11:35:32,111,10.05.19
11:35:47,111,10.05.19
11:36:02,111,10.05.19
11:36:17,111,10.05.19
11:36:27,111,10.05.19
11:36:42,111,10.05.19
11:36:57,111,10.05.19
11:37:12,111,10.05.19
11:37:27,111,10.05.19
11:37:42,111,10.05.19
11:37:57,111,10.05.19
11:38:12,111,10.05.19
11:38:15,111,10.05.19
11:38:30,111,10.05.19
11:38:45,111,10.05.19
11:39:00,111,10.05.19
11:39:15,111,10.05.19
11:39:30,111,10.05.19
11:39:45,111,10.05.19
11:40:00,111,10.05.19
11:40:15,111,10.05.19
11:40:30,111,10.05.19
11:40:45,111,10.05.19
11:41:00,111,10.05.19
11:41:15,111,10.05.19
11:41:30,111,10.05.19
11:41:45,111,10.05.19
11:42:00,111,10.05.19
11:42:15,111,10.05.19
11:42:30,111,10.05.19
11:42:45,111,10.05.19
11:43:00,111,10.05.19
11:43:15,111,10.05.19
11:43:30,111,10.05.19
11:43:45,111,10.05.19
11:44:00,111,10.05.19
11:44:15,111,10.05.19
11:44:30,111,10.05.19
11:44:45,111,10.05.19
11:44:48,111,10.05.19
11:45:03,111,10.05.19
11:45:18,111,10.05.19
11:45:33,111,10.05.19
11:45:48,111,10.05.19
11:46:03,111,10.05.19
11:46:13,110,10.05.19
11:46:18,107,10.05.19
11:46:33,107,10.05.19
11:46:38,106,10.05.19
11:46:53,106,10.05.19
11:47:08,106,10.05.19
11:47:18,106,10.05.19
11:47:23,106,10.05.19
11:47:38,106,10.05.19
11:47:53,106,10.05.19
11:48:08,106,10.05.19
11:48:18,106,10.05.19
11:48:33,106,10.05.19
11:48:48,106,10.05.19
11:49:03,106,10.05.19
11:49:18,106,10.05.19
11:49:33,106,10.05.19
11:49:48,106,10.05.19
11:50:03,106,10.05.19
11:50:18,106,10.05.19
11:50:33,106,10.05.19
11:50:36,106,10.05.19
11:50:51,106,10.05.19
11:51:06,102,10.05.19
11:51:11,99,10.05.19
11:51:16,100,10.05.19
11:51:21,104,10.05.19
11:51:26,105,10.05.19
11:51:31,106,10.05.19
11:51:41,105,10.05.19
11:51:46,107,10.05.19
11:51:51,109,10.05.19
11:51:56,111,10.05.19
11:52:01,112,10.05.19
11:52:11,111,10.05.19
11:52:16,107,10.05.19
11:52:21,106,10.05.19
11:52:31,104,10.05.19
11:52:46,104,10.05.19
11:53:01,104,10.05.19
11:53:06,105,10.05.19
11:53:11,104,10.05.19
11:53:16,98,10.05.19
11:53:21,100,10.05.19
11:53:26,104,10.05.19
11:53:31,108,10.05.19
11:53:41,112,10.05.19
11:53:46,111,10.05.19
11:53:53,110,10.05.19
11:53:58,111,10.05.19
11:54:13,111,10.05.19
11:54:18,108,10.05.19
11:54:23,105,10.05.19
11:54:38,105,10.05.19
11:54:43,102,10.05.19
11:54:53,107,10.05.19
11:54:58,108,10.05.19
11:55:08,109,10.05.19
11:55:13,111,10.05.19
11:55:18,115,10.05.19
11:55:23,120,10.05.19
11:55:28,122,10.05.19
11:55:38,126,10.05.19
11:55:43,134,10.05.19
11:55:48,139,10.05.19
11:55:53,141,10.05.19
11:56:08,141,10.05.19
11:56:23,141,10.05.19
11:56:38,141,10.05.19
11:56:53,141,10.05.19
11:57:08,141,10.05.19
11:57:13,137,10.05.19
11:57:18,135,10.05.19
11:57:23,136,10.05.19
11:57:30,136,10.05.19
11:57:45,136,10.05.19
11:57:55,135,10.05.19
11:58:10,135,10.05.19
11:58:25,135,10.05.19
11:58:40,135,10.05.19
11:58:55,134,10.05.19
11:59:10,134,10.05.19
11:59:20,134,10.05.19
11:59:25,132,10.05.19
11:59:40,132,10.05.19
11:59:50,133,10.05.19
11:59:55,130,10.05.19
12:00:10,130,10.05.19
12:00:15,136,10.05.19
12:00:20,141,10.05.19
12:00:25,139,10.05.19
12:00:30,138,10.05.19
12:00:45,138,10.05.19
12:00:50,139,10.05.19
12:00:55,140,10.05.19
12:01:10,140,10.05.19
12:01:15,141,10.05.19
12:01:20,145,10.05.19
12:01:25,144,10.05.19
12:01:40,144,10.05.19
12:01:55,143,10.05.19
12:01:57,143,10.05.19
12:02:12,143,10.05.19
12:02:27,143,10.05.19
12:02:42,143,10.05.19
12:02:57,142,10.05.19
12:03:12,142,10.05.19
12:03:27,140,10.05.19
12:03:42,140,10.05.19
12:03:57,139,10.05.19
12:04:02,140,10.05.19
12:04:17,140,10.05.19
12:04:27,139,10.05.19
12:04:42,139,10.05.19
12:04:57,140,10.05.19
12:05:12,140,10.05.19
12:05:27,140,10.05.19
12:05:42,140,10.05.19
12:05:57,139,10.05.19
12:06:12,139,10.05.19
12:06:27,139,10.05.19
12:06:42,139,10.05.19
12:06:57,138,10.05.19
12:07:12,138,10.05.19
12:07:27,136,10.05.19
12:07:42,136,10.05.19
12:07:57,134,10.05.19
12:08:15,102,10.05.19
12:08:20,101,10.05.19
12:08:25,99,10.05.19
12:08:30,100,10.05.19
12:08:45,100,10.05.19
12:08:55,101,10.05.19
12:09:00,102,10.05.19
12:09:05,103,10.05.19
12:09:10,100,10.05.19
12:09:15,97,10.05.19
12:09:20,98,10.05.19
12:09:25,99,10.05.19
12:09:35,100,10.05.19
12:09:40,99,10.05.19
12:09:55,100,10.05.19
12:10:00,101,10.05.19
12:10:15,101,10.05.19
12:10:30,101,10.05.19
12:10:45,101,10.05.19
12:10:55,100,10.05.19
12:11:10,100,10.05.19
12:11:25,100,10.05.19
12:11:30,101,10.05.19
12:11:45,101,10.05.19
12:11:55,100,10.05.19
12:12:05,101,10.05.19
12:12:20,101,10.05.19
12:12:22,101,10.05.19
12:12:27,100,10.05.19
12:12:42,100,10.05.19
12:12:57,101,10.05.19
12:13:12,101,10.05.19
12:13:27,102,10.05.19
12:13:42,102,10.05.19
12:13:57,101,10.05.19
12:14:02,102,10.05.19
12:14:17,102,10.05.19
12:14:27,101,10.05.19
12:14:42,101,10.05.19
12:14:57,101,10.05.19
12:15:07,102,10.05.19
12:15:22,102,10.05.19
12:15:37,102,10.05.19
12:15:52,102,10.05.19
12:15:57,101,10.05.19
12:16:07,102,10.05.19
12:16:22,102,10.05.19
12:16:37,102,10.05.19
12:16:52,102,10.05.19
12:17:07,102,10.05.19
12:17:22,102,10.05.19
12:17:27,103,10.05.19
12:17:42,103,10.05.19
12:17:57,103,10.05.19
12:18:00,103,10.05.19
12:18:15,103,10.05.19
12:18:30,103,10.05.19
12:18:45,103,10.05.19
12:19:00,104,10.05.19
12:19:15,104,10.05.19
12:19:30,103,10.05.19
12:19:45,103,10.05.19
12:20:00,103,10.05.19
12:20:10,102,10.05.19
12:20:25,102,10.05.19
12:20:30,101,10.05.19
12:20:35,102,10.05.19
12:20:50,102,10.05.19
12:21:05,102,10.05.19
12:21:20,102,10.05.19
12:21:35,102,10.05.19
12:21:50,102,10.05.19
12:22:00,103,10.05.19
12:22:15,103,10.05.19
12:22:30,103,10.05.19
12:22:45,103,10.05.19
12:23:00,103,10.05.19
12:23:05,104,10.05.19
12:23:20,104,10.05.19
12:23:35,104,10.05.19
12:23:50,104,10.05.19
12:23:53,104,10.05.19
12:24:03,103,10.05.19
12:24:18,103,10.05.19
12:24:33,102,10.05.19
12:24:48,102,10.05.19
12:25:03,101,10.05.19
12:25:08,102,10.05.19
12:25:23,102,10.05.19
12:25:38,102,10.05.19
12:25:53,102,10.05.19
12:26:08,102,10.05.19
12:26:23,102,10.05.19
12:26:33,101,10.05.19
12:26:48,101,10.05.19
12:27:03,102,10.05.19
12:27:18,102,10.05.19
12:27:33,101,10.05.19
12:27:38,102,10.05.19
12:27:53,102,10.05.19
12:28:08,101,10.05.19
12:28:13,100,10.05.19
12:28:28,100,10.05.19
12:28:43,100,10.05.19
12:28:58,99,10.05.19
12:29:03,101,10.05.19
12:29:08,102,10.05.19
12:29:13,98,10.05.19
12:29:21,97,10.05.19
12:29:26,98,10.05.19
12:29:31,96,10.05.19
12:29:36,98,10.05.19
12:29:41,99,10.05.19
12:29:46,97,10.05.19
12:29:51,94,10.05.19
12:29:56,92,10.05.19
12:30:06,93,10.05.19
12:30:16,94,10.05.19
12:30:21,97,10.05.19
12:30:26,99,10.05.19
12:30:31,101,10.05.19
12:30:36,104,10.05.19
12:30:41,106,10.05.19
12:30:46,112,10.05.19
12:30:51,119,10.05.19
12:30:56,121,10.05.19
12:31:01,113,10.05.19
12:31:11,114,10.05.19
12:31:26,114,10.05.19
12:31:41,114,10.05.19
12:31:56,114,10.05.19
12:32:01,113,10.05.19
12:32:16,113,10.05.19
12:32:31,113,10.05.19
12:32:46,113,10.05.19
12:32:47,113,10.05.19
12:33:02,112,10.05.19
12:33:07,110,10.05.19
12:33:22,110,10.05.19
12:33:37,111,10.05.19
12:33:52,109,10.05.19
12:33:57,108,10.05.19
12:34:02,106,10.05.19
12:34:17,106,10.05.19
12:34:32,106,10.05.19
12:34:47,106,10.05.19
12:34:52,103,10.05.19
12:35:07,103,10.05.19
12:35:17,105,10.05.19
12:35:22,108,10.05.19
12:35:27,114,10.05.19
12:35:32,120,10.05.19
12:35:37,122,10.05.19
12:35:42,121,10.05.19
12:35:47,118,10.05.19
12:35:52,115,10.05.19
12:35:57,114,10.05.19
12:36:02,113,10.05.19
12:36:17,111,10.05.19
12:36:22,110,10.05.19
12:36:37,110,10.05.19
12:36:42,111,10.05.19
12:36:49,107,10.05.19
12:36:54,106,10.05.19
12:37:04,105,10.05.19
12:37:19,105,10.05.19
12:37:34,105,10.05.19
12:37:49,105,10.05.19
12:38:04,105,10.05.19
12:38:19,105,10.05.19
12:38:34,106,10.05.19
12:38:39,107,10.05.19
12:38:54,107,10.05.19
12:39:04,106,10.05.19
12:39:19,106,10.05.19
12:39:34,107,10.05.19
12:39:49,107,10.05.19
12:40:04,106,10.05.19
12:40:19,106,10.05.19
12:40:34,105,10.05.19
12:40:49,105,10.05.19
12:41:04,104,10.05.19
12:41:19,104,10.05.19
12:41:34,103,10.05.19
12:41:49,103,10.05.19
12:42:04,103,10.05.19
12:42:19,103,10.05.19
12:42:34,104,10.05.19
12:42:49,104,10.05.19
12:42:52,104,10.05.19
12:43:07,104,10.05.19
12:43:22,104,10.05.19
12:43:37,104,10.05.19
12:43:52,104,10.05.19
12:44:07,104,10.05.19
12:44:22,104,10.05.19
12:44:37,103,10.05.19
12:44:52,103,10.05.19
12:45:07,103,10.05.19
12:45:22,103,10.05.19
12:45:37,102,10.05.19
12:45:42,101,10.05.19
12:45:57,101,10.05.19
12:46:12,101,10.05.19
12:46:27,101,10.05.19
12:46:37,102,10.05.19
12:46:52,102,10.05.19
12:47:07,101,10.05.19
12:47:22,101,10.05.19
12:47:37,100,10.05.19
12:47:42,101,10.05.19
12:47:57,101,10.05.19
12:48:12,101,10.05.19
12:48:27,101,10.05.19
12:48:42,101,10.05.19
12:48:57,101,10.05.19
12:49:00,101,10.05.19
12:49:10,100,10.05.19
12:49:25,100,10.05.19
12:49:40,100,10.05.19
12:49:55,100,10.05.19
12:50:10,99,10.05.19
12:50:25,99,10.05.19
12:50:35,100,10.05.19
12:50:50,100,10.05.19
12:51:05,100,10.05.19
12:51:20,100,10.05.19
12:51:35,100,10.05.19
12:51:40,101,10.05.19
12:51:55,101,10.05.19
12:52:10,101,10.05.19
12:52:25,99,10.05.19
12:52:30,100,10.05.19
12:52:35,101,10.05.19
12:52:45,102,10.05.19
12:52:55,103,10.05.19
12:53:05,104,10.05.19
12:53:10,105,10.05.19
12:53:15,106,10.05.19
12:53:20,107,10.05.19
12:53:25,108,10.05.19
12:53:30,105,10.05.19
12:53:35,107,10.05.19
12:53:43,108,10.05.19
12:53:48,109,10.05.19
12:53:58,108,10.05.19
12:54:13,108,10.05.19
12:54:28,108,10.05.19
12:54:43,108,10.05.19
12:54:58,108,10.05.19
12:55:13,108,10.05.19
12:55:28,108,10.05.19
12:55:33,107,10.05.19
12:55:38,105,10.05.19
12:55:53,105,10.05.19
12:56:08,105,10.05.19
12:56:13,106,10.05.19
12:56:28,106,10.05.19
12:56:33,104,10.05.19
12:56:38,103,10.05.19
12:56:53,103,10.05.19
12:57:03,99,10.05.19
12:57:08,98,10.05.19
12:57:23,98,10.05.19
12:57:38,98,10.05.19
12:57:53,98,10.05.19
12:57:58,97,10.05.19
12:58:03,95,10.05.19
12:58:18,95,10.05.19
12:58:33,95,10.05.19
12:58:35,95,10.05.19
12:58:45,96,10.05.19
12:58:50,97,10.05.19
12:58:55,99,10.05.19
12:59:00,104,10.05.19
12:59:05,109,10.05.19
12:59:10,113,10.05.19
12:59:15,116,10.05.19
12:59:25,120,10.05.19
12:59:30,122,10.05.19
12:59:35,125,10.05.19
12:59:40,126,10.05.19
12:59:45,124,10.05.19
12:59:50,119,10.05.19
12:59:55,116,10.05.19
13:00:00,115,10.05.19
13:00:05,114,10.05.19
13:00:10,113,10.05.19
13:00:15,114,10.05.19
13:00:20,111,10.05.19
13:00:25,109,10.05.19
13:00:30,106,10.05.19
13:00:40,105,10.05.19
13:00:50,102,10.05.19
13:01:00,101,10.05.19
13:01:10,103,10.05.19
13:01:20,103,10.05.19
13:01:26,102,10.05.19
13:01:41,102,10.05.19
13:01:46,103,10.05.19
13:02:01,103,10.05.19
13:02:11,101,10.05.19
13:02:16,99,10.05.19
13:02:31,99,10.05.19
13:02:46,98,10.05.19
13:03:01,98,10.05.19
13:03:16,96,10.05.19
13:03:31,96,10.05.19
13:03:41,97,10.05.19
13:03:56,97,10.05.19
13:04:11,93,10.05.19
13:04:16,89,10.05.19
13:04:31,89,10.05.19
13:04:41,88,10.05.19
13:04:46,87,10.05.19
13:05:01,87,10.05.19
13:05:11,86,10.05.19
13:05:16,85,10.05.19
13:05:31,85,10.05.19
13:05:41,83,10.05.19
13:05:46,82,10.05.19
13:06:01,82,10.05.19
13:06:11,83,10.05.19
13:06:26,83,10.05.19
13:06:29,83,10.05.19
13:06:44,83,10.05.19
13:06:49,82,10.05.19
13:06:54,82,10.05.19
13:07:09,82,10.05.19
13:07:24,82,10.05.19
13:07:39,82,10.05.19
13:07:44,83,10.05.19
13:07:59,83,10.05.19
13:08:14,82,10.05.19
13:08:19,83,10.05.19
13:08:34,83,10.05.19
13:08:49,83,10.05.19
13:09:04,83,10.05.19
13:09:19,83,10.05.19
13:09:34,83,10.05.19
13:09:49,83,10.05.19
13:10:04,83,10.05.19
13:10:14,82,10.05.19
13:10:29,83,10.05.19
13:10:44,83,10.05.19
13:10:59,83,10.05.19
13:11:14,83,10.05.19
13:11:29,83,10.05.19
13:11:39,84,10.05.19
13:11:54,84,10.05.19
13:12:09,84,10.05.19
13:12:12,84,10.05.19
13:12:17,85,10.05.19
13:12:32,85,10.05.19
13:12:42,84,10.05.19
13:12:47,83,10.05.19
13:13:02,83,10.05.19
13:13:17,83,10.05.19
13:13:32,83,10.05.19
13:13:47,83,10.05.19
13:14:02,83,10.05.19
13:14:17,83,10.05.19
13:14:32,83,10.05.19
13:14:47,82,10.05.19
13:15:02,82,10.05.19
13:15:17,82,10.05.19
13:15:32,82,10.05.19
13:15:42,83,10.05.19
13:15:57,83,10.05.19
13:16:12,83,10.05.19
13:16:17,84,10.05.19
13:16:32,84,10.05.19
13:16:42,83,10.05.19
13:16:57,83,10.05.19
13:17:12,83,10.05.19
13:17:27,83,10.05.19
13:17:42,83,10.05.19
13:17:57,83,10.05.19
13:18:00,83,10.05.19
13:18:05,83,10.05.19
13:18:15,82,10.05.19
13:18:20,81,10.05.19
13:18:35,81,10.05.19
13:18:50,81,10.05.19
13:19:05,81,10.05.19
13:19:20,81,10.05.19
13:19:35,81,10.05.19
13:19:45,82,10.05.19
13:20:00,82,10.05.19
13:20:15,82,10.05.19
13:20:30,82,10.05.19
13:20:45,82,10.05.19
13:21:00,82,10.05.19
13:21:15,83,10.05.19
13:21:30,83,10.05.19
13:21:45,83,10.05.19
13:21:50,84,10.05.19
13:22:05,84,10.05.19
13:22:15,83,10.05.19
13:22:20,84,10.05.19
13:22:35,84,10.05.19
13:22:45,83,10.05.19
13:23:00,83,10.05.19
13:23:15,82,10.05.19
13:23:20,83,10.05.19
13:23:27,83,10.05.19
13:23:42,83,10.05.19
13:23:57,83,10.05.19
13:24:12,83,10.05.19
13:24:22,84,10.05.19
13:24:37,84,10.05.19
13:24:47,85,10.05.19
13:25:02,85,10.05.19
13:25:17,84,10.05.19
13:25:22,85,10.05.19
13:25:37,85,10.05.19
13:25:47,84,10.05.19
13:26:02,84,10.05.19
13:26:17,84,10.05.19
13:26:32,84,10.05.19
13:26:47,84,10.05.19
13:27:02,84,10.05.19
13:27:17,84,10.05.19
13:27:32,84,10.05.19
13:27:47,84,10.05.19
13:28:02,84,10.05.19
13:28:17,84,10.05.19
13:28:32,84,10.05.19
13:28:47,84,10.05.19
13:29:02,84,10.05.19
13:29:17,83,10.05.19
13:29:22,84,10.05.19
13:29:30,84,10.05.19
13:29:45,84,10.05.19
13:29:50,83,10.05.19
13:30:05,83,10.05.19
13:30:20,83,10.05.19
13:30:35,83,10.05.19
13:30:50,83,10.05.19
13:31:05,83,10.05.19
13:31:20,83,10.05.19
13:31:35,83,10.05.19
13:31:50,83,10.05.19
13:32:05,83,10.05.19
13:32:20,83,10.05.19
13:32:35,83,10.05.19
13:32:50,84,10.05.19
13:33:05,84,10.05.19
13:33:20,83,10.05.19
13:33:35,83,10.05.19
13:33:50,83,10.05.19
13:34:05,83,10.05.19
13:34:20,83,10.05.19
13:34:35,83,10.05.19
13:34:50,82,10.05.19
13:35:05,82,10.05.19
13:35:20,82,10.05.19
13:35:35,82,10.05.19
13:35:50,83,10.05.19
13:35:53,83,10.05.19
13:36:08,83,10.05.19
13:36:23,83,10.05.19
13:36:38,83,10.05.19
13:36:48,84,10.05.19
13:37:03,84,10.05.19
13:37:18,84,10.05.19
13:37:33,84,10.05.19
13:37:48,84,10.05.19
13:38:03,84,10.05.19
13:38:18,84,10.05.19
13:38:23,85,10.05.19
13:38:38,85,10.05.19
13:38:48,86,10.05.19
13:39:03,86,10.05.19
13:39:18,85,10.05.19
13:39:33,85,10.05.19
13:39:48,85,10.05.19
13:40:03,85,10.05.19
13:40:18,85,10.05.19
13:40:33,85,10.05.19
13:40:48,85,10.05.19
13:41:03,85,10.05.19
13:41:18,86,10.05.19
13:41:33,86,10.05.19
13:41:48,84,10.05.19
13:42:03,84,10.05.19
13:42:07,84,10.05.19
13:42:22,84,10.05.19
13:42:27,84,10.05.19
13:42:42,84,10.05.19
13:42:52,85,10.05.19
13:43:07,85,10.05.19
13:43:22,86,10.05.19
13:43:37,86,10.05.19
13:43:52,87,10.05.19
13:44:07,87,10.05.19
13:44:22,88,10.05.19
13:44:37,88,10.05.19
13:44:52,88,10.05.19
13:44:57,86,10.05.19
13:45:12,86,10.05.19
13:45:22,88,10.05.19
13:45:37,88,10.05.19
13:45:52,85,10.05.19
13:45:57,84,10.05.19
13:46:12,84,10.05.19
13:46:27,83,10.05.19
13:46:32,83,10.05.19
13:46:47,83,10.05.19
13:46:52,80,10.05.19
13:46:57,79,10.05.19
13:47:07,79,10.05.19
13:47:12,79,10.05.19
13:47:19,79,10.05.19
13:47:34,79,10.05.19
13:47:49,79,10.05.19
13:47:54,77,10.05.19
13:47:59,76,10.05.19
13:48:14,76,10.05.19
13:48:24,76,10.05.19
13:48:29,74,10.05.19
13:48:44,74,10.05.19
13:48:54,75,10.05.19
13:48:59,76,10.05.19
13:49:14,76,10.05.19
13:49:29,76,10.05.19
13:49:44,76,10.05.19
13:49:54,74,10.05.19
13:50:09,74,10.05.19
13:50:24,72,10.05.19
13:50:29,71,10.05.19
13:50:44,71,10.05.19
13:50:54,72,10.05.19
13:50:59,71,10.05.19
13:51:14,71,10.05.19
13:51:24,69,10.05.19
13:51:34,69,10.05.19
13:51:49,69,10.05.19
13:52:04,69,10.05.19
13:52:09,69,10.05.19
13:52:16,69,10.05.19
13:52:31,68,10.05.19
13:52:46,68,10.05.19
13:52:56,69,10.05.19
13:53:11,69,10.05.19
13:53:26,69,10.05.19
13:53:41,69,10.05.19
13:53:56,71,10.05.19
13:54:11,71,10.05.19
13:54:26,71,10.05.19
13:54:41,71,10.05.19
13:54:56,71,10.05.19
13:55:11,71,10.05.19
13:55:21,71,10.05.19
13:55:26,72,10.05.19
13:55:41,72,10.05.19
13:55:46,72,10.05.19
13:56:01,72,10.05.19
13:56:06,72,10.05.19
13:56:11,72,10.05.19
13:56:16,72,10.05.19
13:56:31,72,10.05.19
13:56:46,72,10.05.19
13:56:51,73,10.05.19
13:56:56,75,10.05.19
13:57:11,75,10.05.19
13:57:26,74,10.05.19
13:57:29,74,10.05.19
13:57:44,74,10.05.19
13:57:59,74,10.05.19
13:58:14,74,10.05.19
13:58:29,75,10.05.19
13:58:44,75,10.05.19
13:58:54,74,10.05.19
13:58:59,72,10.05.19
13:59:14,72,10.05.19
13:59:24,73,10.05.19
13:59:39,73,10.05.19
13:59:54,73,10.05.19
14:00:09,73,10.05.19
14:00:24,73,10.05.19
14:00:29,71,10.05.19
14:00:44,71,10.05.19
14:00:54,72,10.05.19
14:00:59,73,10.05.19
14:01:14,73,10.05.19
14:01:29,73,10.05.19
14:01:44,73,10.05.19
14:01:59,72,10.05.19
14:02:14,72,10.05.19
14:02:24,73,10.05.19
14:02:29,72,10.05.19
14:02:44,72,10.05.19
14:02:59,70,10.05.19
14:03:02,70,10.05.19
14:03:17,70,10.05.19
14:03:27,71,10.05.19
14:03:32,69,10.05.19
14:03:47,69,10.05.19
14:03:57,70,10.05.19
14:04:02,71,10.05.19
14:04:17,71,10.05.19
14:04:32,71,10.05.19
14:04:47,71,10.05.19
14:04:57,72,10.05.19
14:05:02,71,10.05.19
14:05:17,71,10.05.19
14:05:27,73,10.05.19
14:05:32,72,10.05.19
14:05:47,72,10.05.19
14:06:02,72,10.05.19
14:06:07,72,10.05.19
14:06:22,72,10.05.19
14:06:32,71,10.05.19
14:06:47,71,10.05.19
14:06:57,72,10.05.19
14:07:02,71,10.05.19
14:07:17,71,10.05.19
14:07:27,72,10.05.19
14:07:42,72,10.05.19
14:07:57,73,10.05.19
14:07:59,73,10.05.19
14:08:14,73,10.05.19
14:08:29,74,10.05.19
14:08:44,74,10.05.19
14:08:59,75,10.05.19
14:09:04,74,10.05.19
14:09:19,74,10.05.19
14:09:34,73,10.05.19
14:09:49,73,10.05.19
14:10:04,72,10.05.19
14:10:19,72,10.05.19
14:10:29,73,10.05.19
14:10:34,72,10.05.19
14:10:49,72,10.05.19
14:11:04,72,10.05.19
14:11:19,72,10.05.19
14:11:34,72,10.05.19
14:11:49,72,10.05.19
14:11:59,73,10.05.19
14:12:14,73,10.05.19
14:12:29,73,10.05.19
14:12:44,73,10.05.19
14:12:59,74,10.05.19
14:13:14,74,10.05.19
14:13:29,75,10.05.19
14:13:44,75,10.05.19
14:13:59,75,10.05.19
14:14:02,75,10.05.19
14:14:17,75,10.05.19
14:14:32,77,10.05.19
14:14:37,78,10.05.19
14:14:52,78,10.05.19
14:15:07,77,10.05.19
14:15:22,77,10.05.19
14:15:27,78,10.05.19
14:15:32,77,10.05.19
14:15:47,77,10.05.19
14:16:02,74,10.05.19
14:16:17,74,10.05.19
14:16:32,74,10.05.19
14:16:47,74,10.05.19
14:17:02,75,10.05.19
14:17:17,75,10.05.19
14:17:32,74,10.05.19
14:17:47,74,10.05.19
14:18:02,73,10.05.19
14:18:17,73,10.05.19
14:18:27,74,10.05.19
14:18:42,74,10.05.19
14:18:47,74,10.05.19
14:18:57,75,10.05.19
14:19:02,73,10.05.19
14:19:17,73,10.05.19
14:19:32,74,10.05.19
14:19:35,74,10.05.19
14:19:50,74,10.05.19
14:20:05,75,10.05.19
14:20:20,75,10.05.19
14:20:35,75,10.05.19
14:20:50,75,10.05.19
14:21:00,74,10.05.19
14:21:10,74,10.05.19
14:21:15,74,10.05.19
14:21:30,75,10.05.19
14:21:35,73,10.05.19
14:21:50,73,10.05.19
14:22:00,75,10.05.19
14:22:05,74,10.05.19
14:22:20,74,10.05.19
14:22:35,73,10.05.19
14:22:50,73,10.05.19
14:23:00,74,10.05.19
14:23:15,74,10.05.19
14:23:30,75,10.05.19
14:23:35,74,10.05.19
14:23:40,74,10.05.19
14:23:45,74,10.05.19
14:24:00,75,10.05.19
14:24:15,75,10.05.19
14:24:30,75,10.05.19
14:24:35,73,10.05.19
14:24:43,73,10.05.19
14:24:58,73,10.05.19
14:25:13,73,10.05.19
14:25:28,73,10.05.19
14:25:43,73,10.05.19
14:25:58,73,10.05.19
14:26:03,72,10.05.19
14:26:08,71,10.05.19
14:26:23,71,10.05.19
14:26:33,72,10.05.19
14:26:48,72,10.05.19
14:27:03,72,10.05.19
14:27:08,73,10.05.19
14:27:23,73,10.05.19
14:27:38,71,10.05.19
14:27:53,71,10.05.19
14:28:03,72,10.05.19
14:28:18,72,10.05.19
14:28:33,72,10.05.19
14:28:38,71,10.05.19
14:28:53,71,10.05.19
14:29:08,71,10.05.19
14:29:23,71,10.05.19
14:29:33,72,10.05.19
14:29:38,71,10.05.19
14:29:53,71,10.05.19
14:30:03,70,10.05.19
14:30:10,70,10.05.19
14:30:25,70,10.05.19
14:30:35,71,10.05.19
14:30:50,71,10.05.19
14:31:05,70,10.05.19
14:31:20,70,10.05.19
14:31:30,71,10.05.19
14:31:35,73,10.05.19
14:31:40,79,10.05.19
14:31:45,80,10.05.19
14:32:00,82,10.05.19
14:32:05,85,10.05.19
14:32:10,86,10.05.19
14:32:20,85,10.05.19
14:32:35,84,10.05.19
14:32:50,84,10.05.19
14:33:05,83,10.05.19
14:33:20,83,10.05.19
14:33:35,82,10.05.19
14:33:40,81,10.05.19
14:33:55,81,10.05.19
14:34:05,80,10.05.19
14:34:20,80,10.05.19
14:34:35,81,10.05.19
14:34:50,81,10.05.19
14:35:05,81,10.05.19
14:35:20,81,10.05.19
14:35:23,81,10.05.19
14:35:38,80,10.05.19
14:35:53,80,10.05.19
14:36:03,79,10.05.19
14:36:08,78,10.05.19
14:36:23,78,10.05.19
14:36:38,77,10.05.19
14:36:53,77,10.05.19
14:37:03,78,10.05.19
14:37:08,77,10.05.19
14:37:23,77,10.05.19
14:37:38,76,10.05.19
14:37:53,76,10.05.19
14:38:08,76,10.05.19
14:38:23,76,10.05.19
14:38:38,74,10.05.19
14:38:53,74,10.05.19
14:39:08,73,10.05.19
14:39:23,73,10.05.19
14:39:33,74,10.05.19
14:39:38,75,10.05.19
14:39:53,75,10.05.19
14:40:03,76,10.05.19
14:40:08,74,10.05.19
14:40:23,74,10.05.19
14:40:38,75,10.05.19
14:40:53,75,10.05.19
14:40:56,75,10.05.19
14:41:06,74,10.05.19
14:41:11,73,10.05.19
14:41:26,73,10.05.19
14:41:36,72,10.05.19
14:41:41,71,10.05.19
14:41:56,71,10.05.19
14:42:06,72,10.05.19
14:42:11,71,10.05.19
14:42:26,71,10.05.19
14:42:41,71,10.05.19
14:42:56,71,10.05.19
14:43:06,72,10.05.19
14:43:21,72,10.05.19
14:43:36,72,10.05.19
14:43:41,71,10.05.19
14:43:56,71,10.05.19
14:44:11,72,10.05.19
14:44:26,72,10.05.19
14:44:41,71,10.05.19
14:44:56,71,10.05.19
14:45:11,71,10.05.19
14:45:26,71,10.05.19
14:45:41,72,10.05.19
14:45:56,72,10.05.19
14:46:11,71,10.05.19
14:46:26,71,10.05.19
14:46:28,71,10.05.19
14:46:43,70,10.05.19
14:46:58,70,10.05.19
14:47:08,71,10.05.19
14:47:23,71,10.05.19
14:47:38,70,10.05.19
14:47:43,69,10.05.19
14:47:58,69,10.05.19
14:48:08,71,10.05.19
14:48:23,71,10.05.19
14:48:38,71,10.05.19
14:48:53,71,10.05.19
14:49:08,72,10.05.19
14:49:23,72,10.05.19
14:49:38,71,10.05.19
14:49:43,70,10.05.19
14:49:58,70,10.05.19
14:50:13,70,10.05.19
14:50:28,70,10.05.19
14:50:38,71,10.05.19
14:50:43,70,10.05.19
14:50:48,70,10.05.19
14:50:53,70,10.05.19
14:51:08,71,10.05.19
14:51:23,71,10.05.19
14:51:38,70,10.05.19
14:51:43,69,10.05.19
14:51:51,69,10.05.19
14:52:06,69,10.05.19
14:52:21,69,10.05.19
14:52:36,70,10.05.19
14:52:41,69,10.05.19
14:52:56,69,10.05.19
14:53:11,70,10.05.19
14:53:26,70,10.05.19
14:53:41,70,10.05.19
14:53:56,70,10.05.19
14:54:11,70,10.05.19
14:54:21,70,10.05.19
14:54:31,70,10.05.19
14:54:41,71,10.05.19
14:54:46,71,10.05.19
14:55:01,71,10.05.19
14:55:11,70,10.05.19
14:55:26,70,10.05.19
14:55:41,69,10.05.19
14:55:46,68,10.05.19
14:56:01,68,10.05.19
14:56:06,69,10.05.19
14:56:11,70,10.05.19
14:56:26,70,10.05.19
14:56:41,70,10.05.19
14:56:56,70,10.05.19
14:57:11,69,10.05.19
14:57:14,69,10.05.19
14:57:29,69,10.05.19
14:57:44,69,10.05.19
14:57:59,69,10.05.19
14:58:14,70,10.05.19
14:58:29,70,10.05.19
14:58:39,69,10.05.19
14:58:44,68,10.05.19
14:58:59,68,10.05.19
14:59:14,67,10.05.19
14:59:29,67,10.05.19
14:59:39,68,10.05.19
14:59:54,68,10.05.19
15:00:09,69,10.05.19
15:00:24,69,10.05.19
15:00:39,69,10.05.19
15:00:44,70,10.05.19
15:00:59,70,10.05.19
15:01:14,69,10.05.19
15:01:29,69,10.05.19
15:01:44,68,10.05.19
15:01:59,68,10.05.19
15:02:14,69,10.05.19
15:02:29,69,10.05.19
15:02:44,68,10.05.19
15:02:59,68,10.05.19
15:03:09,69,10.05.19
15:03:17,69,10.05.19
15:03:32,69,10.05.19
15:03:47,68,10.05.19
15:04:02,68,10.05.19
15:04:12,69,10.05.19
15:04:27,69,10.05.19
15:04:42,70,10.05.19
15:04:47,69,10.05.19
15:05:02,69,10.05.19
15:05:12,70,10.05.19
15:05:27,70,10.05.19
15:05:42,71,10.05.19
15:05:47,72,10.05.19
15:06:02,72,10.05.19
15:06:12,73,10.05.19
15:06:27,73,10.05.19
15:06:42,73,10.05.19
15:06:57,73,10.05.19
15:07:12,73,10.05.19
15:07:17,72,10.05.19
15:07:32,72,10.05.19
15:07:42,73,10.05.19
15:07:47,72,10.05.19
15:08:02,72,10.05.19
15:08:12,73,10.05.19
15:08:22,73,10.05.19
15:08:37,73,10.05.19
15:08:39,73,10.05.19
15:08:44,72,10.05.19
15:08:49,71,10.05.19
15:09:04,71,10.05.19
15:09:19,70,10.05.19
15:09:34,70,10.05.19
15:09:44,71,10.05.19
15:09:49,70,10.05.19
15:10:04,70,10.05.19
15:10:19,69,10.05.19
15:10:34,69,10.05.19
15:10:44,70,10.05.19
15:10:59,70,10.05.19
15:11:14,70,10.05.19
15:11:29,70,10.05.19
15:11:44,71,10.05.19
15:11:49,70,10.05.19
15:12:04,70,10.05.19
15:12:19,70,10.05.19
15:12:24,70,10.05.19
15:12:39,70,10.05.19
15:12:49,69,10.05.19
15:13:04,69,10.05.19
15:13:19,69,10.05.19
15:13:34,69,10.05.19
15:13:49,69,10.05.19
15:14:04,69,10.05.19
15:14:07,69,10.05.19
15:14:22,69,10.05.19
15:14:37,69,10.05.19
15:14:47,68,10.05.19
15:14:52,67,10.05.19
15:15:07,67,10.05.19
15:15:22,67,10.05.19
15:15:37,67,10.05.19
15:15:47,68,10.05.19
15:16:02,68,10.05.19
15:16:17,68,10.05.19
15:16:32,68,10.05.19
15:16:42,69,10.05.19
15:16:57,69,10.05.19
15:17:12,69,10.05.19
15:17:27,69,10.05.19
15:17:42,70,10.05.19
15:17:57,70,10.05.19
15:18:12,70,10.05.19
15:18:17,71,10.05.19
15:18:32,71,10.05.19
15:18:42,72,10.05.19
15:18:57,72,10.05.19
15:19:12,72,10.05.19
15:19:17,71,10.05.19
15:19:32,71,10.05.19
15:19:42,70,10.05.19
15:19:50,70,10.05.19
15:20:05,70,10.05.19
15:20:15,71,10.05.19
15:20:20,70,10.05.19
15:20:35,70,10.05.19
15:20:45,71,10.05.19
15:20:50,70,10.05.19
15:21:05,70,10.05.19
15:21:20,70,10.05.19
15:21:35,70,10.05.19
15:21:45,71,10.05.19
15:22:00,71,10.05.19
15:22:15,71,10.05.19
15:22:30,71,10.05.19
15:22:45,71,10.05.19
15:22:50,72,10.05.19
15:23:05,72,10.05.19
15:23:20,71,10.05.19
15:23:35,71,10.05.19
15:23:50,70,10.05.19
15:24:05,70,10.05.19
15:24:20,69,10.05.19
15:24:25,69,10.05.19
15:24:40,69,10.05.19
15:24:45,70,10.05.19
15:24:50,71,10.05.19
15:25:05,71,10.05.19
15:25:07,71,10.05.19
15:25:22,70,10.05.19
15:25:37,70,10.05.19
15:25:47,71,10.05.19
15:25:52,70,10.05.19
15:26:07,70,10.05.19
15:26:17,71,10.05.19
15:26:32,71,10.05.19
15:26:47,70,10.05.19
15:26:52,69,10.05.19
15:27:07,69,10.05.19
15:27:22,68,10.05.19
15:27:27,68,10.05.19
15:27:42,68,10.05.19
15:27:47,69,10.05.19
15:27:52,68,10.05.19
15:27:57,68,10.05.19
15:28:12,68,10.05.19
15:28:27,68,10.05.19
15:28:42,68,10.05.19
15:28:47,70,10.05.19
15:29:02,70,10.05.19
15:29:17,71,10.05.19
15:29:22,70,10.05.19
15:29:37,70,10.05.19
15:29:47,71,10.05.19
15:30:02,71,10.05.19
15:30:05,71,10.05.19
15:30:20,72,10.05.19
15:30:25,71,10.05.19
15:30:30,71,10.05.19
15:30:40,71,10.05.19
15:30:50,70,10.05.19
15:31:05,70,10.05.19
15:31:20,70,10.05.19
15:31:25,69,10.05.19
15:31:40,69,10.05.19
15:31:50,70,10.05.19
15:32:05,70,10.05.19
15:32:20,70,10.05.19
15:32:30,70,10.05.19
15:32:40,70,10.05.19
15:32:50,71,10.05.19
15:33:00,72,10.05.19
15:33:05,74,10.05.19
15:33:10,76,10.05.19
15:33:15,80,10.05.19
15:33:20,82,10.05.19
15:33:35,82,10.05.19
15:33:40,82,10.05.19
15:33:55,82,10.05.19
15:34:10,82,10.05.19
15:34:25,82,10.05.19
15:34:40,82,10.05.19